split,window_index,date,z1,z2,z3
train,0,1988-10-09,-1.3621343,-6.742201,-5.081277
train,1,1988-10-16,-1.4184793,-6.6894374,-5.1941104
train,2,1988-10-23,-1.4148998,-6.769724,-5.337183
train,3,1988-10-30,-1.4217402,-6.845093,-5.409239
train,4,1988-11-06,-1.4543159,-6.849455,-5.446904
train,5,1988-11-13,-1.4257957,-6.881558,-5.4999294
train,6,1988-11-20,-1.479839,-6.9528756,-5.5117927
train,7,1988-11-27,-1.3570223,-7.0012736,-5.6069694
train,8,1988-12-04,-1.4228998,-7.0546894,-5.768413
train,9,1988-12-11,-1.4451324,-7.1066756,-5.6881347
train,10,1988-12-18,-1.4209989,-7.120523,-5.843171
train,11,1988-12-25,-1.4965107,-7.228184,-5.904985
train,12,1989-01-01,-1.4437313,-7.376265,-5.927573
train,13,1989-01-08,-1.5157721,-7.344596,-6.035547
train,14,1989-01-15,-1.4953878,-7.375338,-6.058414
train,15,1989-01-22,-1.555919,-7.381283,-6.0630064
train,16,1989-01-29,-1.6248461,-7.3446255,-6.1319404
train,17,1989-02-05,-1.6487188,-7.389383,-6.1157794
train,18,1989-02-12,-1.7186013,-7.433196,-6.181517
train,19,1989-02-19,-1.6523466,-7.5085926,-6.1812267
train,20,1989-02-26,-1.7334383,-7.3369718,-6.3221655
train,21,1989-03-05,-1.7205372,-7.5278654,-6.3845453
train,22,1989-03-12,-1.8260887,-7.497363,-6.500967
train,23,1989-03-19,-1.8110545,-7.539588,-6.450461
train,24,1989-03-26,-1.9140043,-7.54487,-6.550409
train,25,1989-04-02,-1.9348869,-7.6643643,-6.535688
train,26,1989-04-09,-2.0128195,-7.563288,-6.571271
train,27,1989-04-16,-2.0331445,-7.532631,-6.6621695
train,28,1989-04-23,-1.965809,-7.5922856,-6.77551
train,29,1989-04-30,-2.1179557,-7.514382,-6.8772864
train,30,1989-05-07,-2.131153,-7.4956756,-6.8129673
train,31,1989-05-14,-2.0984488,-7.498149,-6.811643
train,32,1989-05-21,-2.0988147,-7.5075994,-6.8256803
train,33,1989-05-28,-2.0380106,-7.4460816,-6.7329817
train,34,1989-06-04,-2.1315894,-7.483958,-6.770153
train,35,1989-06-11,-1.997624,-7.369073,-6.7077823
train,36,1989-06-18,-2.0991051,-7.2791886,-6.685338
train,37,1989-06-25,-1.9887723,-7.3789735,-6.7351418
train,38,1989-07-02,-2.0360243,-7.326003,-6.80005
train,39,1989-07-09,-2.0302052,-7.29114,-6.6108174
train,40,1989-07-16,-1.9889306,-7.1909256,-6.592259
train,41,1989-07-23,-2.0187397,-7.1750603,-6.560181
train,42,1989-07-30,-1.9169018,-7.2487717,-6.530965
train,43,1989-08-06,-1.9456009,-7.1129436,-6.5102262
train,44,1989-08-13,-2.0353355,-7.178094,-6.4537945
train,45,1989-08-20,-2.0068443,-6.9784517,-6.4678955
train,46,1989-08-27,-1.9512453,-7.0275154,-6.3778706
train,47,1989-09-03,-2.0353668,-6.975224,-6.4083905
train,48,1989-09-10,-1.9822837,-6.804252,-6.2182784
train,49,1989-09-17,-1.928824,-6.884497,-6.258864
train,50,1989-09-24,-1.8548136,-6.739607,-6.032909
train,51,1989-10-01,-1.8639629,-6.774284,-6.0327463
train,52,1989-10-08,-1.7728636,-6.660264,-6.1177716
train,53,1989-10-15,-1.7581317,-6.6372104,-5.937378
train,54,1989-10-22,-1.8217376,-6.5652757,-5.806407
train,55,1989-10-29,-1.6985914,-6.580236,-5.9923873
train,56,1989-11-05,-1.7056177,-6.531815,-5.9288297
train,57,1989-11-12,-1.534864,-6.4418063,-5.936833
train,58,1989-11-19,-1.5498112,-6.3743987,-5.8153195
train,59,1989-11-26,-1.5205516,-6.4284754,-5.8519278
train,60,1989-12-03,-1.4839044,-6.315541,-5.9773846
train,61,1989-12-10,-1.4319881,-6.3050747,-5.8630805
train,62,1989-12-17,-1.3452171,-6.3743296,-6.0001545
train,63,1989-12-24,-1.2452681,-6.35346,-6.0678577
train,64,1989-12-31,-1.3023456,-6.2658353,-6.0545163
train,65,1990-01-07,-1.2791299,-6.1982303,-5.9884224
train,66,1990-01-14,-1.1896251,-6.2303624,-6.127086
train,67,1990-01-21,-1.0865501,-6.1909733,-6.03416
train,68,1990-01-28,-1.078105,-6.172468,-6.1213393
train,69,1990-02-04,-0.99506426,-6.355821,-6.067439
train,70,1990-02-11,-0.8386232,-6.31556,-6.1199393
train,71,1990-02-18,-0.88455254,-6.413898,-6.120542
train,72,1990-02-25,-0.7302398,-6.4366493,-6.213418
train,73,1990-03-04,-0.67465085,-6.557572,-6.1993675
train,74,1990-03-11,-0.5632339,-6.499837,-6.2723274
train,75,1990-03-18,-0.58083004,-6.56451,-6.2478685
train,76,1990-03-25,-0.464518,-6.6979895,-6.3258796
train,77,1990-04-01,-0.4964967,-6.666166,-6.4256363
train,78,1990-04-08,-0.34587452,-6.7106814,-6.4794745
train,79,1990-04-15,-0.35267174,-6.873284,-6.497373
train,80,1990-04-22,-0.28638655,-6.9619193,-6.58969
train,81,1990-04-29,-0.1711958,-7.0609,-6.675663
train,82,1990-05-06,-0.1758871,-7.1356573,-6.707303
train,83,1990-05-13,-0.10921836,-7.2222056,-6.684286
train,84,1990-05-20,-0.07355417,-7.1994767,-6.7289515
train,85,1990-05-27,0.0007367544,-7.323929,-6.7784557
train,86,1990-06-03,-0.066177875,-7.437276,-6.663283
train,87,1990-06-10,0.069930054,-7.321802,-6.6868734
train,88,1990-06-17,-0.018660426,-7.394378,-6.772311
train,89,1990-06-24,-0.023316275,-7.453689,-6.7368436
train,90,1990-07-01,0.045910608,-7.4546037,-6.893305
train,91,1990-07-08,0.09696773,-7.4238844,-6.887611
train,92,1990-07-15,0.09825936,-7.6045995,-6.938711
train,93,1990-07-22,0.2182241,-7.5516796,-6.958731
train,94,1990-07-29,0.21748821,-7.635314,-6.983262
train,95,1990-08-05,0.30755654,-7.7266254,-6.8868465
train,96,1990-08-12,0.36378735,-7.761296,-6.9985275
train,97,1990-08-19,0.4517999,-7.8053265,-7.0309496
train,98,1990-08-26,0.42373887,-7.9975195,-6.9766827
train,99,1990-09-02,0.4890216,-7.9212046,-6.926993
train,100,1990-09-09,0.57760227,-8.054329,-6.9106503
train,101,1990-09-16,0.6242342,-8.2714,-6.9714956
train,102,1990-09-23,0.7359605,-8.428158,-6.9396815
train,103,1990-09-30,0.66741896,-8.426611,-6.9169836
train,104,1990-10-07,0.8406896,-8.525929,-7.048045
train,105,1990-10-14,0.70915216,-8.609897,-6.887643
train,106,1990-10-21,0.96298087,-8.705354,-6.87927
train,107,1990-10-28,0.98411584,-8.870907,-6.9191875
train,108,1990-11-04,1.0425841,-9.082734,-6.8985205
train,109,1990-11-11,1.0727434,-9.063497,-6.985136
train,110,1990-11-18,1.1578557,-9.095947,-6.936354
train,111,1990-11-25,1.1966741,-9.422012,-6.950971
train,112,1990-12-02,1.2419766,-9.541107,-6.821438
train,113,1990-12-09,1.2537563,-9.703862,-6.839566
train,114,1990-12-16,1.391541,-9.746297,-6.8613353
train,115,1990-12-23,1.4485197,-9.861134,-6.8268213
train,116,1990-12-30,1.4558059,-9.956427,-6.7936435
train,117,1991-01-06,1.5107567,-10.312047,-6.686167
train,118,1991-01-13,1.5498223,-10.391322,-6.7589154
train,119,1991-01-20,1.5561326,-10.401649,-6.6715593
train,120,1991-01-27,1.7103353,-10.717212,-6.530929
train,121,1991-02-03,1.7243447,-10.768276,-6.716314
train,122,1991-02-10,1.748953,-11.190961,-6.618587
train,123,1991-02-17,1.9406788,-11.068819,-6.5684776
train,124,1991-02-24,1.7894571,-11.187132,-6.479299
train,125,1991-03-03,1.9956652,-11.29369,-6.3876047
train,126,1991-03-10,1.8935283,-11.450102,-6.24771
train,127,1991-03-17,1.9991019,-11.414625,-6.150336
train,128,1991-03-24,2.1184661,-11.593076,-5.942402
train,129,1991-03-31,2.1248622,-11.797232,-5.943624
train,130,1991-04-07,2.146237,-11.560858,-5.8603296
train,131,1991-04-14,2.2524743,-11.818877,-5.6071744
train,132,1991-04-21,2.2025867,-11.805783,-5.6331406
train,133,1991-04-28,2.0765207,-11.903552,-5.3344955
train,134,1991-05-05,2.3051772,-11.794793,-5.377373
train,135,1991-05-12,2.12652,-12.106334,-5.233678
train,136,1991-05-19,2.14994,-11.896981,-5.241536
train,137,1991-05-26,2.1590073,-11.941913,-4.936156
train,138,1991-06-02,2.0092921,-11.950012,-4.968375
train,139,1991-06-09,2.0988338,-11.916102,-4.848644
train,140,1991-06-16,2.0028524,-12.019197,-4.729292
train,141,1991-06-23,2.0746512,-12.004989,-4.7393327
train,142,1991-06-30,1.9943122,-12.168075,-4.6338267
train,143,1991-07-07,2.0503929,-11.946776,-4.5548306
train,144,1991-07-14,2.1251788,-11.838548,-4.4248247
train,145,1991-07-21,1.8987405,-11.812472,-4.5290895
train,146,1991-07-28,1.908537,-11.864843,-4.3176556
train,147,1991-08-04,1.8748124,-11.781722,-4.344541
train,148,1991-08-11,1.8384849,-11.789825,-4.2679987
train,149,1991-08-18,1.6681929,-11.673492,-4.27501
train,150,1991-08-25,1.7071297,-11.674825,-4.038486
train,151,1991-09-01,1.6753645,-11.5626135,-4.0232058
train,152,1991-09-08,1.6583833,-11.528314,-4.00505
train,153,1991-09-15,1.6190122,-11.519219,-3.8487165
train,154,1991-09-22,1.5476584,-11.326105,-3.749369
train,155,1991-09-29,1.5033509,-11.327326,-3.7759604
train,156,1991-10-06,1.4383191,-11.241529,-3.7268329
train,157,1991-10-13,1.4914016,-11.143574,-3.6665885
train,158,1991-10-20,1.4179953,-11.015892,-3.6615272
train,159,1991-10-27,1.430582,-11.071214,-3.5486832
train,160,1991-11-03,1.4235713,-11.0462885,-3.3833532
train,161,1991-11-10,1.4516746,-10.838603,-3.4123085
train,162,1991-11-17,1.312087,-10.8706875,-3.233964
train,163,1991-11-24,1.3144819,-10.810767,-3.28416
train,164,1991-12-01,1.2578698,-10.740672,-3.213382
train,165,1991-12-08,1.0984238,-10.498309,-3.165925
train,166,1991-12-15,1.1042832,-10.482371,-3.0932474
train,167,1991-12-22,1.1508219,-10.319542,-2.9758725
train,168,1991-12-29,1.0450095,-10.172007,-2.995333
train,169,1992-01-05,1.1219285,-10.09528,-2.8920836
train,170,1992-01-12,1.0787795,-10.221756,-2.8086371
train,171,1992-01-19,1.123876,-10.024216,-2.5936644
train,172,1992-01-26,0.95794326,-10.005241,-2.524939
train,173,1992-02-02,0.9669172,-10.107286,-2.2971184
train,174,1992-02-09,1.0508478,-10.008552,-2.1607687
train,175,1992-02-16,1.0193563,-10.14277,-2.0004685
train,176,1992-02-23,1.0810754,-10.051212,-1.9023255
train,177,1992-03-01,1.092807,-10.163836,-1.7108781
train,178,1992-03-08,1.1530454,-10.225143,-1.6086853
train,179,1992-03-15,1.086363,-10.272266,-1.4390819
train,180,1992-03-22,1.1997241,-10.33689,-1.3308426
train,181,1992-03-29,1.1139203,-10.433752,-1.1600223
train,182,1992-04-05,1.1091475,-10.238814,-1.1707778
train,183,1992-04-12,1.1332378,-10.286052,-0.96463555
train,184,1992-04-19,1.1339025,-10.359382,-0.82290787
train,185,1992-04-26,1.1999785,-10.408669,-0.7341075
train,186,1992-05-03,1.1410637,-10.494892,-0.48300502
train,187,1992-05-10,1.0875462,-10.47488,-0.3777455
train,188,1992-05-17,1.0892767,-10.501716,-0.27770865
train,189,1992-05-24,1.1045107,-10.532543,-0.20632428
train,190,1992-05-31,1.0330138,-10.630872,0.022128602
train,191,1992-06-07,0.9974455,-10.581342,0.14164904
train,192,1992-06-14,0.9993968,-10.708912,0.33918107
train,193,1992-06-21,0.8246458,-10.678704,0.45688632
train,194,1992-06-28,0.8603963,-10.694366,0.50911695
train,195,1992-07-05,0.8574852,-10.70489,0.5539145
train,196,1992-07-12,0.72633344,-10.688898,0.6594413
train,197,1992-07-19,0.72811073,-10.610643,0.70258784
train,198,1992-07-26,0.7462797,-10.691539,0.79846436
train,199,1992-08-02,0.63111335,-10.643972,0.75787294
train,200,1992-08-09,0.5713766,-10.450946,0.73692137
train,201,1992-08-16,0.5872805,-10.455907,0.8379191
train,202,1992-08-23,0.6225799,-10.447531,0.78495336
train,203,1992-08-30,0.5925453,-10.438299,0.79721445
train,204,1992-09-06,0.5823185,-10.370491,0.7817813
train,205,1992-09-13,0.5382307,-10.393489,1.0563207
train,206,1992-09-20,0.52465415,-10.458419,1.1598077
train,207,1992-09-27,0.50729954,-10.426458,1.1435726
train,208,1992-10-04,0.46264535,-10.352063,1.1267895
train,209,1992-10-11,0.47388214,-10.379809,1.2356882
train,210,1992-10-18,0.43727747,-10.289673,1.251466
train,211,1992-10-25,0.42266583,-10.2619295,1.2935104
train,212,1992-11-01,0.38715455,-10.234316,1.3565284
train,213,1992-11-08,0.26138464,-10.224501,1.4304858
train,214,1992-11-15,0.29994816,-10.109099,1.5397407
train,215,1992-11-22,0.23653291,-10.243592,1.5462934
train,216,1992-11-29,0.294538,-10.132911,1.7325048
train,217,1992-12-06,0.20399769,-10.0229025,1.5944431
train,218,1992-12-13,0.17017934,-9.977459,1.7464075
train,219,1992-12-20,0.13012256,-9.938623,1.7385737
train,220,1992-12-27,0.04693439,-9.9433565,1.8800824
train,221,1993-01-03,-0.045136508,-9.758197,1.792979
train,222,1993-01-10,-0.13895503,-9.772484,1.9012243
train,223,1993-01-17,-0.31446975,-9.472689,1.9984136
train,224,1993-01-24,-0.42014444,-9.425737,1.9501699
train,225,1993-01-31,-0.4841312,-9.3395815,2.0411377
train,226,1993-02-07,-0.5374438,-9.238235,2.1525283
train,227,1993-02-14,-0.7604789,-9.159022,2.269435
train,228,1993-02-21,-0.8674693,-9.020867,2.260382
train,229,1993-02-28,-1.0319045,-9.051626,2.3914587
train,230,1993-03-07,-1.2192551,-8.764138,2.3262382
train,231,1993-03-14,-1.2724819,-8.671156,2.3969243
train,232,1993-03-21,-1.1706171,-8.630027,2.2307327
train,233,1993-03-28,-1.5016348,-8.503538,2.2921288
train,234,1993-04-04,-1.4527676,-8.333286,2.1246526
train,235,1993-04-11,-1.6384792,-8.252074,2.1994965
train,236,1993-04-18,-1.5718673,-8.16881,2.1880276
train,237,1993-04-25,-1.5865877,-8.065015,2.1539056
train,238,1993-05-02,-1.6564114,-8.008163,2.0628011
train,239,1993-05-09,-1.6633698,-7.934695,2.0884767
train,240,1993-05-16,-1.6231686,-7.897756,1.9712145
train,241,1993-05-23,-1.593121,-7.89953,1.8900844
train,242,1993-05-30,-1.5399472,-7.781891,1.8425168
train,243,1993-06-06,-1.5583045,-7.6249466,1.7959441
train,244,1993-06-13,-1.5865401,-7.6666884,1.7883538
train,245,1993-06-20,-1.5559105,-7.538464,1.7029948
train,246,1993-06-27,-1.4655516,-7.5610967,1.6209413
train,247,1993-07-04,-1.3321177,-7.5002337,1.5572126
train,248,1993-07-11,-1.3244636,-7.450678,1.5068166
train,249,1993-07-18,-1.2620288,-7.419771,1.4309359
train,250,1993-07-25,-1.0992424,-7.4153495,1.4238198
train,251,1993-08-01,-1.0883341,-7.4146543,1.2651299
train,252,1993-08-08,-0.9910996,-7.3927593,1.221283
train,253,1993-08-15,-0.932347,-7.4188194,1.2342644
train,254,1993-08-22,-0.8956441,-7.3284554,1.0971739
train,255,1993-08-29,-0.81513447,-7.353883,1.0905988
train,256,1993-09-05,-0.80303615,-7.205317,0.9644846
train,257,1993-09-12,-0.79478514,-7.306763,0.947958
train,258,1993-09-19,-0.78768927,-7.3140693,0.99897313
train,259,1993-09-26,-0.83238596,-7.298467,0.86120623
train,260,1993-10-03,-0.7409923,-7.2236085,0.98094165
train,261,1993-10-10,-0.81714875,-7.188837,0.8219106
train,262,1993-10-17,-0.81781125,-7.2340293,0.82250845
train,263,1993-10-24,-0.7411422,-7.1174326,0.9568918
train,264,1993-10-31,-0.8405459,-7.0649357,0.8565824
train,265,1993-11-07,-0.826658,-6.9992146,0.7916152
train,266,1993-11-14,-0.85145223,-6.9410076,0.81720346
train,267,1993-11-21,-0.9639215,-6.8916297,0.9267733
train,268,1993-11-28,-0.9922111,-6.780282,0.9468998
train,269,1993-12-05,-1.0983406,-6.7858176,0.9731865
train,270,1993-12-12,-1.0997206,-6.7135725,0.9970124
train,271,1993-12-19,-1.1013054,-6.720746,1.0620873
train,272,1993-12-26,-1.1707187,-6.6410837,1.0617235
train,273,1994-01-02,-1.2367967,-6.590622,1.0704023
train,274,1994-01-09,-1.2356682,-6.4954576,1.1308959
train,275,1994-01-16,-1.3588723,-6.5200562,1.2076323
train,276,1994-01-23,-1.3019706,-6.458084,1.2145581
train,277,1994-01-30,-1.3117033,-6.353521,1.1716079
train,278,1994-02-06,-1.3865676,-6.2886877,1.225003
train,279,1994-02-13,-1.3848015,-6.337733,1.1768752
train,280,1994-02-20,-1.5470428,-6.2132998,1.2392431
train,281,1994-02-27,-1.5826179,-6.251515,1.1874846
train,282,1994-03-06,-1.6861607,-6.258687,1.1774025
train,283,1994-03-13,-1.7218183,-6.167451,1.0968888
train,284,1994-03-20,-1.802318,-6.177485,1.1039705
train,285,1994-03-27,-1.8405839,-6.2294016,1.0917357
train,286,1994-04-03,-1.9562917,-6.201708,1.0847268
train,287,1994-04-10,-1.941099,-6.2700663,1.0509604
train,288,1994-04-17,-1.985463,-6.0638146,0.8654239
train,289,1994-04-24,-2.2056699,-6.1163464,1.0119233
train,290,1994-05-01,-2.1946564,-6.0572867,0.89700186
train,291,1994-05-08,-2.295832,-6.0528097,0.9450003
train,292,1994-05-15,-2.4014797,-6.010482,0.6995159
train,293,1994-05-22,-2.4682708,-5.968159,0.65342766
train,294,1994-05-29,-2.5707345,-5.8766685,0.53176165
train,295,1994-06-05,-2.6560066,-5.9572377,0.6195027
train,296,1994-06-12,-2.6722488,-5.9097896,0.43772817
train,297,1994-06-19,-2.8507814,-5.8853025,0.36413008
train,298,1994-06-26,-2.726726,-5.761658,0.15411344
train,299,1994-07-03,-2.9320538,-5.871755,0.22087744
train,300,1994-07-10,-3.0314796,-5.9296694,0.11033816
train,301,1994-07-17,-3.1147568,-5.8338966,0.065527976
train,302,1994-07-24,-3.261944,-5.9918613,0.10001475
train,303,1994-07-31,-3.3079178,-5.970656,0.0008473564
train,304,1994-08-07,-3.4184117,-5.946691,-0.018718235
train,305,1994-08-14,-3.5740833,-5.9915605,-0.041129246
train,306,1994-08-21,-3.5971375,-6.063104,-0.073193915
train,307,1994-08-28,-3.6451187,-5.9869595,-0.09805813
train,308,1994-09-04,-3.7580588,-6.017354,-0.27944335
train,309,1994-09-11,-3.8594594,-5.9653974,-0.16720976
train,310,1994-09-18,-3.828288,-5.9321694,-0.328816
train,311,1994-09-25,-3.8931785,-5.882266,-0.4547249
train,312,1994-10-02,-3.9044561,-6.0017276,-0.3124612
train,313,1994-10-09,-3.8727405,-5.983925,-0.3959247
train,314,1994-10-16,-3.8470411,-5.881946,-0.40325496
train,315,1994-10-23,-3.936596,-5.9546046,-0.4472892
train,316,1994-10-30,-4.006556,-6.107232,-0.4653753
train,317,1994-11-06,-4.020792,-6.0039954,-0.47202602
train,318,1994-11-13,-4.06869,-6.061424,-0.5360008
train,319,1994-11-20,-4.0741735,-6.041958,-0.6933287
train,320,1994-11-27,-4.101751,-5.979168,-0.6005478
train,321,1994-12-04,-4.108539,-5.961299,-0.74202234
train,322,1994-12-11,-4.048722,-5.977793,-0.8935823
train,323,1994-12-18,-4.017677,-5.8365803,-0.99688196
train,324,1994-12-25,-4.073116,-5.796556,-0.9528116
train,325,1995-01-01,-4.0491457,-5.725453,-0.93808925
train,326,1995-01-08,-4.087022,-5.730112,-1.088407
train,327,1995-01-15,-4.070979,-5.488758,-1.1397837
train,328,1995-01-22,-4.1261053,-5.433988,-1.2117926
train,329,1995-01-29,-4.143562,-5.304442,-1.1681235
train,330,1995-02-05,-4.2116733,-5.2736115,-1.2404504
train,331,1995-02-12,-4.233809,-5.125704,-1.2791528
train,332,1995-02-19,-4.308413,-5.0567074,-1.4306815
train,333,1995-02-26,-4.3408575,-4.953151,-1.3874854
train,334,1995-03-05,-4.474969,-4.82713,-1.4286395
train,335,1995-03-12,-4.5806108,-4.729597,-1.4779713
train,336,1995-03-19,-4.642907,-4.593576,-1.4003724
train,337,1995-03-26,-4.745308,-4.52578,-1.4569674
train,338,1995-04-02,-4.698133,-4.40179,-1.4915502
train,339,1995-04-09,-4.837989,-4.2766356,-1.461046
train,340,1995-04-16,-4.9547377,-4.1944594,-1.4001447
train,341,1995-04-23,-5.07117,-4.1081047,-1.4009359
train,342,1995-04-30,-5.159495,-3.9859183,-1.3815827
train,343,1995-05-07,-5.263552,-3.8867183,-1.3069471
train,344,1995-05-14,-5.3885474,-3.776487,-1.1162086
train,345,1995-05-21,-5.5420218,-3.7300029,-1.052707
train,346,1995-05-28,-5.574585,-3.5854888,-0.99505186
train,347,1995-06-04,-5.703495,-3.4987996,-0.9147716
train,348,1995-06-11,-5.903762,-3.4120724,-0.7569773
train,349,1995-06-18,-5.8628883,-3.3597276,-0.67675984
train,350,1995-06-25,-6.0269647,-3.3035085,-0.5507603
train,351,1995-07-02,-6.2192254,-3.3468502,-0.33630368
train,352,1995-07-09,-6.2195606,-3.2322721,-0.17493096
train,353,1995-07-16,-6.351902,-3.2897654,-0.17822178
train,354,1995-07-23,-6.2564006,-3.2086682,-0.09999274
train,355,1995-07-30,-6.3271914,-3.1638162,0.06314071
train,356,1995-08-06,-6.4655094,-3.2156975,0.11394141
train,357,1995-08-13,-6.444189,-3.1289487,0.18144795
train,358,1995-08-20,-6.674609,-3.218913,0.4380624
train,359,1995-08-27,-6.776377,-3.1890519,0.38132015
train,360,1995-09-03,-6.667191,-3.0579832,0.3550858
train,361,1995-09-10,-6.6136026,-3.0448217,0.47966486
train,362,1995-09-17,-6.75783,-3.038459,0.54734844
train,363,1995-09-24,-6.66318,-2.9923027,0.5072226
train,364,1995-10-01,-6.496373,-2.9512107,0.4259713
train,365,1995-10-08,-6.5825577,-2.8087797,0.55712104
train,366,1995-10-15,-6.575287,-2.819943,0.58852535
train,367,1995-10-22,-6.4962606,-2.6237996,0.56996846
train,368,1995-10-29,-6.511914,-2.6469631,0.61733365
train,369,1995-11-05,-6.418301,-2.546842,0.6375399
train,370,1995-11-12,-6.2289567,-2.4578657,0.5653391
train,371,1995-11-19,-6.3070855,-2.3188636,0.6804842
train,372,1995-11-26,-6.4910426,-2.3575087,0.7598827
train,373,1995-12-03,-6.3568006,-2.3401997,0.6833209
train,374,1995-12-10,-6.4059668,-2.1745791,0.80666643
train,375,1995-12-17,-6.578408,-2.3034105,0.87616843
train,376,1995-12-24,-6.332494,-2.158002,0.8539865
train,377,1995-12-31,-6.440724,-2.1291153,0.8629991
train,378,1996-01-07,-6.457811,-2.114894,0.9116059
train,379,1996-01-14,-6.4649296,-2.1014857,1.0675479
train,380,1996-01-21,-6.361487,-2.1056108,0.9906601
train,381,1996-01-28,-6.3751245,-2.0219893,1.0343068
train,382,1996-02-04,-6.3402367,-2.0064678,1.1166507
train,383,1996-02-11,-6.3998036,-1.9265184,1.2451918
train,384,1996-02-18,-6.3251762,-1.940443,1.1853913
train,385,1996-02-25,-6.2286506,-1.8332223,1.1965542
train,386,1996-03-03,-6.366315,-1.8914738,1.3622704
train,387,1996-03-10,-6.254145,-1.8028142,1.4296669
train,388,1996-03-17,-6.1885366,-1.8741775,1.3676109
train,389,1996-03-24,-6.3525476,-1.8367348,1.5739405
train,390,1996-03-31,-6.287032,-1.7915183,1.5229543
train,391,1996-04-07,-6.3906145,-1.8074354,1.6496972
train,392,1996-04-14,-6.353892,-1.8636256,1.6598173
train,393,1996-04-21,-6.5089083,-1.8835417,1.7890807
train,394,1996-04-28,-6.540903,-1.801055,1.8904921
train,395,1996-05-05,-6.4628096,-1.8110385,1.8060207
train,396,1996-05-12,-6.330179,-1.8207316,1.7727792
train,397,1996-05-19,-6.3566113,-1.7908934,1.8280855
train,398,1996-05-26,-6.3345027,-1.7049079,1.8975335
train,399,1996-06-02,-6.263248,-1.6831954,1.8509767
train,400,1996-06-09,-6.190494,-1.7790374,1.8491167
train,401,1996-06-16,-6.164988,-1.6040335,1.8599163
train,402,1996-06-23,-6.3308268,-1.6487616,2.0128841
train,403,1996-06-30,-6.198916,-1.6320496,1.8895869
train,404,1996-07-07,-6.2643676,-1.6185375,1.9220704
train,405,1996-07-14,-6.150727,-1.5824116,1.9529544
train,406,1996-07-21,-6.1654606,-1.5470797,1.9509223
train,407,1996-07-28,-6.0768714,-1.573074,1.771598
train,408,1996-08-04,-6.145986,-1.5052464,1.8110349
train,409,1996-08-11,-6.185521,-1.5994838,1.8686837
train,410,1996-08-18,-6.0381584,-1.6084994,1.6556872
train,411,1996-08-25,-5.9807177,-1.4684759,1.5921373
train,412,1996-09-01,-5.836778,-1.5840405,1.537834
train,413,1996-09-08,-5.9079876,-1.6404612,1.5269998
train,414,1996-09-15,-5.8598166,-1.397388,1.5443436
train,415,1996-09-22,-5.9894967,-1.3437883,1.5603596
train,416,1996-09-29,-5.893811,-1.5074358,1.4467217
train,417,1996-10-06,-5.833104,-1.4102676,1.5174243
train,418,1996-10-13,-5.875623,-1.365751,1.4254049
train,419,1996-10-20,-5.737254,-1.3194975,1.3332248
train,420,1996-10-27,-5.587778,-1.3164409,1.2294854
train,421,1996-11-03,-5.6137805,-1.312457,1.1925536
train,422,1996-11-10,-5.552257,-1.1073136,1.1667426
train,423,1996-11-17,-5.5700574,-1.1157613,1.197113
train,424,1996-11-24,-5.388454,-1.1092457,1.0509355
train,425,1996-12-01,-5.267951,-1.0509151,0.9709219
train,426,1996-12-08,-5.2595363,-0.9501951,0.8608544
train,427,1996-12-15,-5.2231956,-0.83362913,0.94336605
train,428,1996-12-22,-5.2957287,-0.93748003,0.9545612
train,429,1996-12-29,-5.3285203,-0.8601164,0.8988681
train,430,1997-01-05,-5.1502085,-0.6881752,0.8690575
train,431,1997-01-12,-5.0877943,-0.72809005,0.89069885
train,432,1997-01-19,-5.1448135,-0.62443644,0.80675745
train,433,1997-01-26,-5.023151,-0.6163797,0.66769964
train,434,1997-02-02,-5.015045,-0.5951114,0.51165366
train,435,1997-02-09,-5.0564456,-0.22282377,0.6583589
train,436,1997-02-16,-4.925755,-0.32540601,0.44127357
train,437,1997-02-23,-4.9751916,-0.18550359,0.5415846
train,438,1997-03-02,-4.893374,-0.09139805,0.4524336
train,439,1997-03-09,-4.795845,-0.015016273,0.48421246
train,440,1997-03-16,-4.7086816,0.0314662,0.3432262
train,441,1997-03-23,-4.5866156,0.028850853,0.26884776
train,442,1997-03-30,-4.54447,0.14659785,0.18250498
train,443,1997-04-06,-4.5954823,0.1351427,0.24389091
train,444,1997-04-13,-4.4419765,0.078209355,0.22089529
train,445,1997-04-20,-4.358635,0.10925792,0.087447345
train,446,1997-04-27,-4.500144,0.22449933,0.1396961
train,447,1997-05-04,-4.5937877,0.16250558,0.08918231
train,448,1997-05-11,-4.5792074,0.23195164,0.15790547
train,449,1997-05-18,-4.753824,0.33329344,0.04265406
train,450,1997-05-25,-4.87841,0.33402836,0.009992829
train,451,1997-06-01,-4.706399,0.19731121,-0.13135329
train,452,1997-06-08,-4.860679,0.42829597,-0.12897961
train,453,1997-06-15,-4.730856,0.4112534,-0.16355525
train,454,1997-06-22,-4.567011,0.5167311,-0.2641
train,455,1997-06-29,-4.5623107,0.5631354,-0.3844878
train,456,1997-07-06,-4.5236278,0.53011537,-0.41546744
train,457,1997-07-13,-4.9168677,0.60109067,-0.21899228
train,458,1997-07-20,-4.7816024,0.69660646,-0.29863575
train,459,1997-07-27,-4.7047176,0.6845104,-0.38994524
train,460,1997-08-03,-4.899304,0.69752806,-0.23683134
train,461,1997-08-10,-4.9057817,0.8389266,-0.35653216
train,462,1997-08-17,-4.963752,0.88049895,-0.47887492
train,463,1997-08-24,-5.016459,0.91118115,-0.32441157
train,464,1997-08-31,-5.12101,0.88099164,-0.3481572
train,465,1997-09-07,-5.0860353,0.9871345,-0.40577817
train,466,1997-09-14,-4.9593067,1.0181806,-0.4311172
train,467,1997-09-21,-4.9957767,1.054056,-0.3819614
train,468,1997-09-28,-5.0402603,1.1282759,-0.55599105
train,469,1997-10-05,-5.041585,1.1969659,-0.39571375
train,470,1997-10-12,-5.0941854,1.2447315,-0.4012323
train,471,1997-10-19,-5.1724625,1.3663867,-0.33509636
train,472,1997-10-26,-5.286093,1.4209299,-0.36254618
train,473,1997-11-02,-5.6113896,1.3381975,-0.080033295
train,474,1997-11-09,-5.5397806,1.4810194,-0.17024346
train,475,1997-11-16,-5.537726,1.4644214,-0.11577333
train,476,1997-11-23,-5.460993,1.5295383,-0.12643123
train,477,1997-11-30,-5.5328946,1.5408359,-0.061768442
train,478,1997-12-07,-5.809748,1.6414747,0.011000009
train,479,1997-12-14,-5.6429715,1.5923159,0.009270923
train,480,1997-12-21,-5.7034845,1.723817,-0.030224944
train,481,1997-12-28,-5.7024465,1.7703595,0.071815304
train,482,1998-01-04,-5.6983666,1.7245708,0.104913734
train,483,1998-01-11,-5.720513,1.819287,0.08678333
train,484,1998-01-18,-5.656274,1.733428,0.115999766
train,485,1998-01-25,-5.9905324,1.7627944,0.49237305
train,486,1998-02-01,-6.0205574,1.7162212,0.35885057
train,487,1998-02-08,-5.890262,1.7604233,0.3466089
train,488,1998-02-15,-5.9347625,1.6831478,0.42609045
train,489,1998-02-22,-5.8511415,1.7730817,0.3691705
train,490,1998-03-01,-5.971831,1.7890704,0.42006207
train,491,1998-03-08,-5.884931,1.852261,0.39841738
train,492,1998-03-15,-6.1947136,1.975923,0.6270995
train,493,1998-03-22,-6.3056335,2.1016152,0.58043706
train,494,1998-03-29,-6.4652195,2.0325866,0.62823087
train,495,1998-04-05,-6.531828,2.1284952,0.47226232
train,496,1998-04-12,-6.596543,2.1257558,0.7354184
train,497,1998-04-19,-6.543907,2.2919335,0.5888429
train,498,1998-04-26,-6.5648932,2.3265572,0.68161917
train,499,1998-05-03,-6.781941,2.345622,0.78435594
train,500,1998-05-10,-6.9069376,2.4592304,0.77298504
train,501,1998-05-17,-6.9264874,2.473483,0.6756399
train,502,1998-05-24,-7.0423226,2.4139478,0.8824925
train,503,1998-05-31,-7.1406703,2.3895428,0.96146244
train,504,1998-06-07,-7.315144,2.4103754,1.0753825
train,505,1998-06-14,-7.56459,2.5310268,1.1529125
train,506,1998-06-21,-7.6707625,2.553058,1.2270931
train,507,1998-06-28,-7.83736,2.561313,1.3605571
train,508,1998-07-05,-7.946807,2.7032712,1.4208008
train,509,1998-07-12,-7.7369046,2.6914823,1.320856
train,510,1998-07-19,-7.839026,2.8276696,1.2882303
train,511,1998-07-26,-8.044775,2.9216628,1.5095451
train,512,1998-08-02,-7.9489427,2.9117074,1.3790766
train,513,1998-08-09,-7.7726474,3.0598085,1.2573074
train,514,1998-08-16,-7.5229244,2.9797373,1.0776552
train,515,1998-08-23,-7.748638,2.8840277,1.3817478
train,516,1998-08-30,-7.7054157,2.823381,1.4426442
train,517,1998-09-06,-7.8410225,2.720022,1.791528
train,518,1998-09-13,-7.7770286,2.6472983,1.8068603
train,519,1998-09-20,-8.044528,2.5205607,2.0084953
train,520,1998-09-27,-7.8975787,2.4287636,1.8981165
train,521,1998-10-04,-7.813649,2.289425,2.156402
train,522,1998-10-11,-7.8940897,2.144363,2.3995588
train,523,1998-10-18,-7.8549647,2.04266,2.3324454
train,524,1998-10-25,-8.122177,2.0178416,2.6144707
train,525,1998-11-01,-8.021596,1.8646287,2.5885596
train,526,1998-11-08,-8.436711,1.9703954,2.8942308
train,527,1998-11-15,-8.009279,1.7708023,2.752113
train,528,1998-11-22,-7.756919,1.8407263,2.6549754
train,529,1998-11-29,-7.885047,1.7060568,2.7365322
train,530,1998-12-06,-7.8960834,1.8612441,2.8682768
train,531,1998-12-13,-7.8195767,1.8228647,2.8646545
train,532,1998-12-20,-7.6996865,1.7984141,2.6854618
train,533,1998-12-27,-7.635674,1.7694448,2.7045312
train,534,1999-01-03,-7.587993,1.699862,2.8004441
train,535,1999-01-10,-7.4958234,1.6019533,2.7784271
train,536,1999-01-17,-7.758481,1.747201,2.89407
train,537,1999-01-24,-7.649123,1.8612152,2.8417356
train,538,1999-01-31,-7.428568,1.7691493,2.6531436
train,539,1999-02-07,-7.343409,1.9402024,2.6323144
train,540,1999-02-14,-7.068193,1.8203381,2.6772048
train,541,1999-02-21,-7.2287807,1.9213535,2.6681468
train,542,1999-02-28,-7.1331744,2.11368,2.438674
train,543,1999-03-07,-7.082285,2.3256674,2.5185306
train,544,1999-03-14,-6.9886637,2.496595,2.5906644
train,545,1999-03-21,-6.5762434,2.5327687,2.279991
train,546,1999-03-28,-6.62707,2.8106565,2.2725024
train,547,1999-04-04,-6.33735,2.8257616,2.124766
train,548,1999-04-11,-6.371465,3.2348459,1.9732478
train,549,1999-04-18,-6.257885,3.3139157,1.8580807
train,550,1999-04-25,-6.343939,3.44337,1.9845355
train,551,1999-05-02,-6.2788906,3.509974,1.8413249
train,552,1999-05-09,-6.1396475,3.6241503,1.656996
train,553,1999-05-16,-6.10136,3.7330177,1.677231
train,554,1999-05-23,-6.100683,3.7847602,1.6913977
train,555,1999-05-30,-6.078267,3.6954339,1.7838645
train,556,1999-06-06,-6.053562,3.7916858,1.6879659
train,557,1999-06-13,-5.9880705,3.6859512,1.856814
train,558,1999-06-20,-6.038929,3.7950902,1.7705474
train,559,1999-06-27,-5.9387603,3.7561677,1.899013
train,560,1999-07-04,-6.065191,3.6478949,2.0110352
train,561,1999-07-11,-6.1200066,3.86019,1.7890002
train,562,1999-07-18,-6.003619,3.8756194,1.7193825
train,563,1999-07-25,-6.0601683,3.9484296,1.762281
train,564,1999-08-01,-6.176593,3.754976,1.9507494
train,565,1999-08-08,-6.1450057,3.8624878,1.8832479
train,566,1999-08-15,-6.117392,3.8320932,1.786285
train,567,1999-08-22,-6.0361776,3.8370886,1.867942
train,568,1999-08-29,-6.10462,3.817545,1.861607
train,569,1999-09-05,-6.002051,3.7154188,1.9332871
train,570,1999-09-12,-5.902431,3.5992184,1.928159
train,571,1999-09-19,-6.0303054,3.6222253,1.8613038
train,572,1999-09-26,-6.010053,3.5675733,1.9793625
train,573,1999-10-03,-5.9559956,3.6757095,1.744794
train,574,1999-10-10,-5.878834,3.6837552,1.6779089
train,575,1999-10-17,-5.869957,3.6414945,1.7438713
train,576,1999-10-24,-5.924549,3.619455,1.6428497
train,577,1999-10-31,-5.8910303,3.497198,1.6866553
train,578,1999-11-07,-6.0297666,3.526139,1.8399558
train,579,1999-11-14,-5.947992,3.3537745,1.6038039
train,580,1999-11-21,-6.04589,3.408047,1.7990005
train,581,1999-11-28,-5.953041,3.5114567,1.545503
train,582,1999-12-05,-6.134741,3.5893488,1.586518
train,583,1999-12-12,-6.0550256,3.5612025,1.5909714
train,584,1999-12-19,-6.3223305,3.5388172,1.722117
train,585,1999-12-26,-6.32382,3.5048761,1.6814747
train,586,2000-01-02,-6.24023,3.503045,1.5164372
train,587,2000-01-09,-6.3326316,3.5838556,1.3624257
train,588,2000-01-16,-6.5004234,3.6245441,1.3365294
train,589,2000-01-23,-6.575416,3.6484685,1.4232467
train,590,2000-01-30,-6.6892514,3.5518734,1.5293318
train,591,2000-02-06,-6.6675596,3.6583261,1.4402032
train,592,2000-02-13,-6.8433704,3.5008636,1.7037536
train,593,2000-02-20,-6.8036466,3.5816,1.4173192
train,594,2000-02-27,-7.0716205,3.4601045,1.6609304
train,595,2000-03-05,-7.1009984,3.5325177,1.3811753
train,596,2000-03-12,-7.049232,3.320135,1.5550038
train,597,2000-03-19,-7.2225466,3.4153497,1.443146
train,598,2000-03-26,-7.300456,3.3801532,1.535871
train,599,2000-04-02,-7.4634295,3.524253,1.3973225
train,600,2000-04-09,-7.86301,3.5852811,1.5993247
train,601,2000-04-16,-7.984709,3.4296148,1.653873
train,602,2000-04-23,-8.019498,3.5417469,1.709963
train,603,2000-04-30,-8.387362,3.3562574,1.7883974
train,604,2000-05-07,-8.621599,3.4599166,1.9562736
train,605,2000-05-14,-8.604846,3.3348558,1.986747
train,606,2000-05-21,-9.004603,3.191743,2.1728227
train,607,2000-05-28,-8.922428,3.2072756,2.0647573
train,608,2000-06-04,-9.099564,2.9763615,2.1905975
train,609,2000-06-11,-9.296413,2.864777,2.3989968
train,610,2000-06-18,-9.691918,2.9113905,2.4168043
train,611,2000-06-25,-9.572857,2.7043138,2.197903
train,612,2000-07-02,-9.810147,2.694351,2.3509636
train,613,2000-07-09,-10.0846615,2.7180786,2.3791664
train,614,2000-07-16,-9.958348,2.5855014,2.2714002
train,615,2000-07-23,-10.087669,2.6819317,2.4687517
train,616,2000-07-30,-9.98481,2.6245046,2.3045857
train,617,2000-08-06,-10.137935,2.8190398,2.339304
train,618,2000-08-13,-10.099308,2.7296593,2.257809
train,619,2000-08-20,-10.016379,2.7931519,2.3282063
train,620,2000-08-27,-10.250703,2.7729828,2.4404612
train,621,2000-09-03,-10.244542,2.7736955,2.3871393
train,622,2000-09-10,-10.315574,2.8549685,2.374306
train,623,2000-09-17,-10.452715,2.837353,2.246779
train,624,2000-09-24,-10.537388,2.7783325,2.6957889
train,625,2000-10-01,-10.582079,2.6814857,2.50941
train,626,2000-10-08,-10.705131,2.7138598,2.5946546
train,627,2000-10-15,-10.594063,2.6919954,2.6265647
train,628,2000-10-22,-10.580144,2.6451752,2.4491456
train,629,2000-10-29,-10.420426,2.6736915,2.4992173
train,630,2000-11-05,-10.270784,2.5394804,2.4894035
train,631,2000-11-12,-10.263751,2.4937787,2.4562714
train,632,2000-11-19,-10.263647,2.5841246,2.490521
train,633,2000-11-26,-10.111197,2.5656383,2.3179984
train,634,2000-12-03,-9.949402,2.6677263,2.331307
train,635,2000-12-10,-9.864882,2.455105,2.4291167
train,636,2000-12-17,-9.979653,2.5248833,2.6664777
train,637,2000-12-24,-9.918656,2.4162328,2.6011748
train,638,2000-12-31,-9.645371,2.4336452,2.3523626
train,639,2001-01-07,-9.804681,2.3980608,2.5609863
train,640,2001-01-14,-9.805847,2.0849404,2.6228614
train,641,2001-01-21,-9.815821,2.0639455,2.8567312
train,642,2001-01-28,-9.730481,1.8463789,2.941392
train,643,2001-02-04,-9.890942,1.7600462,3.1736782
train,644,2001-02-11,-9.927754,1.7260528,3.174345
train,645,2001-02-18,-9.998318,1.6293513,3.2931936
train,646,2001-02-25,-10.024487,1.4845269,3.5804632
train,647,2001-03-04,-10.000999,1.2359784,3.567882
train,648,2001-03-11,-10.112184,1.1183865,3.7601573
train,649,2001-03-18,-9.820018,1.0158067,3.6733127
train,650,2001-03-25,-9.683225,0.83558875,3.6700475
train,651,2001-04-01,-9.51449,0.70773697,3.8078914
train,652,2001-04-08,-9.493162,0.43894726,4.03114
train,653,2001-04-15,-9.433658,0.32604176,4.28161
train,654,2001-04-22,-9.175212,0.30854887,4.345497
train,655,2001-04-29,-9.279878,0.15701462,4.4859304
train,656,2001-05-06,-8.932785,0.14717565,4.403583
train,657,2001-05-13,-9.093251,-0.13133438,4.732497
train,658,2001-05-20,-8.805571,-0.13252583,4.6940827
train,659,2001-05-27,-8.762208,-0.10387216,4.8772073
train,660,2001-06-03,-8.293163,-0.19532429,4.6340566
train,661,2001-06-10,-8.06915,-0.18446918,4.7439566
train,662,2001-06-17,-7.8875237,-0.23111512,4.725668
train,663,2001-06-24,-7.5597134,-0.38504577,4.849419
train,664,2001-07-01,-7.6636167,-0.39221698,5.0058594
train,665,2001-07-08,-7.5782313,-0.49812192,5.0205135
train,666,2001-07-15,-7.22851,-0.5923715,5.1116333
train,667,2001-07-22,-6.9034696,-0.7207684,5.034635
train,668,2001-07-29,-6.974249,-0.7320909,5.0688987
train,669,2001-08-05,-6.732217,-0.919429,5.275071
train,670,2001-08-12,-6.6223125,-1.0537893,5.4005446
train,671,2001-08-19,-6.46091,-0.88813615,5.510341
train,672,2001-08-26,-6.38628,-0.98917407,5.549237
train,673,2001-09-02,-5.939016,-1.0591704,5.5146036
train,674,2001-09-09,-5.8730025,-0.95920956,5.680004
train,675,2001-09-16,-5.743171,-1.0691984,5.863413
train,676,2001-09-23,-5.818385,-0.98415214,6.0195374
train,677,2001-09-30,-5.322224,-1.188929,5.7458925
train,678,2001-10-07,-5.6532784,-1.0889624,6.255719
train,679,2001-10-14,-5.752465,-1.3445476,6.3162966
train,680,2001-10-21,-5.7561684,-1.5004689,6.5042324
train,681,2001-10-28,-5.874357,-1.4742128,6.589118
train,682,2001-11-04,-6.12128,-1.6751543,6.861731
train,683,2001-11-11,-6.414744,-1.7091405,7.2176585
train,684,2001-11-18,-6.066304,-1.8711579,7.229693
train,685,2001-11-25,-6.117108,-1.9509543,7.5876646
train,686,2001-12-02,-6.039772,-2.037285,7.740834
train,687,2001-12-09,-6.469897,-2.4340415,8.270222
train,688,2001-12-16,-6.5331707,-2.3916802,8.6594305
train,689,2001-12-23,-6.5312376,-2.8353496,8.865766
train,690,2001-12-30,-6.6967454,-3.080244,9.126486
train,691,2002-01-06,-6.4789953,-3.2601225,9.391435
train,692,2002-01-13,-6.3881893,-3.3692234,9.44771
train,693,2002-01-20,-6.1709123,-3.5586252,9.737551
train,694,2002-01-27,-5.9498677,-4.087485,9.970891
train,695,2002-02-03,-6.2277246,-4.346356,10.4371
train,696,2002-02-10,-5.540519,-4.533906,10.296968
train,697,2002-02-17,-5.464601,-4.5861583,10.387603
train,698,2002-02-24,-5.1694283,-4.8232107,10.315448
train,699,2002-03-03,-5.124803,-5.2204638,10.696711
train,700,2002-03-10,-4.5362678,-5.543386,10.776494
train,701,2002-03-17,-4.756804,-5.314658,10.830889
train,702,2002-03-24,-4.3835893,-5.623469,11.197255
train,703,2002-03-31,-4.206568,-5.820135,11.114344
train,704,2002-04-07,-3.8794234,-6.027162,11.135025
train,705,2002-04-14,-3.8848515,-6.175436,11.42508
train,706,2002-04-21,-3.043177,-6.4749904,11.157245
train,707,2002-04-28,-3.1937406,-6.466376,11.326142
train,708,2002-05-05,-2.8161445,-6.545404,11.093887
train,709,2002-05-12,-2.6060064,-6.6645503,11.145245
train,710,2002-05-19,-2.1373935,-6.7962713,10.788291
train,711,2002-05-26,-2.1186306,-6.777844,10.873262
train,712,2002-06-02,-1.7920285,-6.839156,10.794871
train,713,2002-06-09,-1.4662644,-6.7142367,10.454968
train,714,2002-06-16,-1.0953965,-6.6828117,10.11281
train,715,2002-06-23,-0.95870644,-6.6544967,10.084216
train,716,2002-06-30,-0.7092121,-6.6570883,9.824686
train,717,2002-07-07,-0.51969784,-6.276857,9.110604
train,718,2002-07-14,-0.5183766,-6.2736893,9.178639
train,719,2002-07-21,-0.26760522,-6.0698414,8.794175
train,720,2002-07-28,-0.4074991,-5.9451065,8.564553
train,721,2002-08-04,-0.40035397,-5.85955,8.511169
train,722,2002-08-11,0.007469207,-5.8336363,8.020851
train,723,2002-08-18,-0.0013075583,-5.541373,7.7976165
train,724,2002-08-25,-0.2564126,-5.4657526,7.8421564
train,725,2002-09-01,0.19545184,-5.283484,7.5127025
train,726,2002-09-08,0.10993907,-5.1153097,7.2582517
train,727,2002-09-15,0.3170169,-4.960396,6.7900333
train,728,2002-09-22,0.6930095,-4.600017,6.4495006
train,729,2002-09-29,4.30197,-4.487696,2.654765
train,730,2002-10-06,4.1245236,-4.1524134,2.47107
train,731,2002-10-13,4.4167805,-4.421177,2.314509
train,732,2002-10-20,4.7089024,-4.3343935,2.044261
train,733,2002-10-27,4.683586,-4.2019286,2.0305812
train,734,2002-11-03,4.5442963,-3.892808,2.1775413
train,735,2002-11-10,4.6867914,-3.9014597,2.3892891
train,736,2002-11-17,4.8536754,-3.774884,2.1652055
train,737,2002-11-24,4.884243,-3.700435,2.1001458
train,738,2002-12-01,4.96485,-3.724325,2.2693267
train,739,2002-12-08,5.035218,-3.6154253,2.1327033
train,740,2002-12-15,5.0407896,-3.4176552,2.0510883
train,741,2002-12-22,4.995243,-3.413681,1.9915025
train,742,2002-12-29,5.047325,-3.2481039,2.0767314
train,743,2003-01-05,5.1940494,-3.355727,2.1464505
train,744,2003-01-12,5.2373714,-3.1622915,2.0995436
train,745,2003-01-19,5.122904,-3.1480803,2.4163861
train,746,2003-01-26,5.0625362,-3.041345,2.3886385
train,747,2003-02-02,4.9560566,-2.983294,2.4765813
train,748,2003-02-09,4.9026012,-2.8837137,2.433088
train,749,2003-02-16,4.890117,-2.7924764,2.3770227
train,750,2003-02-23,5.0862513,-2.745908,2.4163346
train,751,2003-03-02,5.179236,-2.5611565,2.5135431
train,752,2003-03-09,5.293977,-2.4250083,2.5720863
train,753,2003-03-16,5.297217,-2.4271042,2.5612085
train,754,2003-03-23,5.2553196,-2.2524676,2.5881038
train,755,2003-03-30,5.1337824,-2.1653302,2.5900848
train,756,2003-04-06,5.368151,-2.0602064,2.6399124
train,757,2003-04-13,5.2851753,-1.9711196,2.488816
train,758,2003-04-20,5.3576055,-1.8658506,2.4301405
train,759,2003-04-27,5.421108,-1.8253906,2.463126
train,760,2003-05-04,5.446911,-1.7576004,2.5799856
train,761,2003-05-11,5.4412074,-1.470043,2.427297
train,762,2003-05-18,5.5766373,-1.5739189,2.6038544
train,763,2003-05-25,5.6532254,-1.4522618,2.395112
train,764,2003-06-01,5.691785,-1.4965241,2.4960692
train,765,2003-06-08,5.620774,-1.3107796,2.4271781
train,766,2003-06-15,5.6919346,-1.388871,2.5174448
train,767,2003-06-22,5.678865,-1.2849967,2.532429
train,768,2003-06-29,5.6099825,-1.2022827,2.5248017
train,769,2003-07-06,5.699904,-1.1165327,2.5008118
train,770,2003-07-13,5.7416334,-1.264134,2.5137982
train,771,2003-07-20,5.582252,-1.0508676,2.313605
train,772,2003-07-27,5.7134695,-1.1827534,2.546753
train,773,2003-08-03,5.7286215,-1.0815108,2.4454374
train,774,2003-08-10,5.6558256,-1.0885992,2.446567
train,775,2003-08-17,5.5125456,-1.1149192,2.4984312
train,776,2003-08-24,5.4954333,-0.99807245,2.4618232
train,777,2003-08-31,5.3690877,-1.177929,2.5554762
train,778,2003-09-07,5.442793,-0.863992,2.311522
train,779,2003-09-14,5.2444105,-0.9684399,2.4150941
train,780,2003-09-21,5.354368,-0.8499033,2.3567863
train,781,2003-09-28,5.181528,-0.9317506,2.5099084
train,782,2003-10-05,5.0790544,-0.8228961,2.3481574
train,783,2003-10-12,5.0434985,-0.72896147,2.2757537
train,784,2003-10-19,5.0192685,-0.85479176,2.4061618
train,785,2003-10-26,4.9575443,-0.6736068,2.2606885
train,786,2003-11-02,4.808383,-0.7076787,2.4017842
train,787,2003-11-09,4.7174554,-0.7104597,2.361576
train,788,2003-11-16,4.6755447,-0.7643383,2.4629514
train,789,2003-11-23,4.4648495,-0.6614658,2.4918685
train,790,2003-11-30,4.3775,-0.7813667,2.4778054
train,791,2003-12-07,4.2287626,-0.60755455,2.4103198
train,792,2003-12-14,4.180692,-0.70185035,2.4406826
train,793,2003-12-21,4.0210276,-0.36806965,2.0901632
train,794,2003-12-28,3.85056,-0.46815908,2.2485511
train,795,2004-01-04,3.8520467,-0.2991661,2.2388105
train,796,2004-01-11,3.69424,-0.2893849,2.2418785
train,797,2004-01-18,3.4917963,-0.30753127,2.3139186
train,798,2004-01-25,3.4998367,-0.17471915,2.35951
train,799,2004-02-01,3.1934323,-0.0067194253,2.1751375
train,800,2004-02-08,3.1015193,0.008405417,2.1627433
train,801,2004-02-15,2.8675056,0.11988224,1.9839191
train,802,2004-02-22,2.706184,0.47407103,1.7224818
train,803,2004-02-29,2.5988393,0.6761719,1.5692258
train,804,2004-03-07,2.3178656,1.1022632,1.1111321
train,805,2004-03-14,2.3894913,1.0071734,1.2216887
train,806,2004-03-21,2.2349248,1.3389963,0.93708616
train,807,2004-03-28,2.0252717,1.4410447,0.7538336
train,808,2004-04-04,1.9410695,1.6355097,0.67592317
train,809,2004-04-11,1.761828,1.8415765,0.22033611
train,810,2004-04-18,1.6973908,2.0908852,0.26049805
train,811,2004-04-25,1.6486348,2.0278533,0.29137194
train,812,2004-05-02,1.453,2.156044,0.12911314
train,813,2004-05-09,1.4966551,2.0075445,0.2258054
train,814,2004-05-16,1.4038193,2.2812667,-0.10277051
train,815,2004-05-23,1.3671385,2.3193283,0.030924076
train,816,2004-05-30,1.4073167,2.2142549,0.0765783
train,817,2004-06-06,1.3669052,2.3455777,-0.030337071
train,818,2004-06-13,1.2727784,2.2920232,0.051954404
train,819,2004-06-20,1.2576761,2.4566197,-0.06755145
train,820,2004-06-27,1.2191057,2.3876493,-0.088967286
train,821,2004-07-04,1.2954539,2.278048,0.06803345
train,822,2004-07-11,1.2116576,2.5550098,-0.13973923
train,823,2004-07-18,1.240972,2.25007,-0.11506004
train,824,2004-07-25,1.211505,2.3659198,-0.23888801
train,825,2004-08-01,1.1320174,2.2469912,-0.21910384
train,826,2004-08-08,1.117108,2.3126085,-0.14488015
train,827,2004-08-15,1.0908638,2.112882,-0.030668544
train,828,2004-08-22,1.1011336,2.1884944,-0.11884387
train,829,2004-08-29,1.0807456,2.12238,-0.11672172
train,830,2004-09-05,0.99527115,2.0597603,-0.29634672
train,831,2004-09-12,1.0087756,1.9357306,-0.0796472
train,832,2004-09-19,0.9974355,2.0602858,-0.23664315
train,833,2004-09-26,0.899439,2.1030018,-0.35063264
train,834,2004-10-03,0.94364566,2.1322675,-0.35175127
train,835,2004-10-10,0.91513765,2.0220208,-0.32105967
train,836,2004-10-17,0.87518954,2.0738797,-0.4297073
train,837,2004-10-24,0.86837846,1.9922003,-0.44939488
train,838,2004-10-31,0.88182586,2.018373,-0.37491626
train,839,2004-11-07,0.84681064,2.0215461,-0.50929075
train,840,2004-11-14,0.85571915,1.9715947,-0.4743988
train,841,2004-11-21,0.7378419,1.9668285,-0.5733359
train,842,2004-11-28,0.6953213,1.9743878,-0.47527978
train,843,2004-12-05,0.75946736,2.0852551,-0.54253364
train,844,2004-12-12,0.6641021,1.8985139,-0.54333675
train,845,2004-12-19,0.71599543,1.9620463,-0.5512091
train,846,2004-12-26,0.6696023,1.943813,-0.45153338
train,847,2005-01-02,0.6506409,1.9887873,-0.67032206
train,848,2005-01-09,0.629068,1.9240159,-0.6619791
train,849,2005-01-16,0.61446404,1.9077772,-0.75036544
train,850,2005-01-23,0.52110857,1.7718523,-0.59331805
train,851,2005-01-30,0.43374607,1.6995262,-0.7221905
train,852,2005-02-06,0.39479712,1.6598395,-0.7431263
train,853,2005-02-13,0.3004878,1.5234069,-0.8471958
train,854,2005-02-20,0.20325078,1.5509313,-0.9547793
train,855,2005-02-27,0.26449177,1.5361663,-1.1519464
train,856,2005-03-06,0.13630284,1.4411215,-1.1616018
train,857,2005-03-13,0.17423914,1.5251298,-1.3912133
train,858,2005-03-20,0.12789826,1.4207034,-1.4670595
train,859,2005-03-27,0.106159925,1.2529488,-1.6129125
train,860,2005-04-03,-0.01974734,1.2426465,-1.512322
train,861,2005-04-10,-0.08244668,1.1623065,-1.6446971
train,862,2005-04-17,-0.184314,0.94308835,-1.6734946
train,863,2005-04-24,-0.18046807,1.0671836,-1.7338705
train,864,2005-05-01,-0.23852389,0.9982659,-1.8827227
train,865,2005-05-08,-0.28319737,0.8798112,-1.9078573
train,866,2005-05-15,-0.3047409,0.9310722,-1.943718
train,867,2005-05-22,-0.30531758,0.9588191,-1.9186755
train,868,2005-05-29,-0.37498102,0.8875825,-2.0786667
train,869,2005-06-05,-0.34802958,0.9487161,-2.2041998
train,870,2005-06-12,-0.3856887,0.84128886,-2.2105508
train,871,2005-06-19,-0.43381038,0.9184881,-2.3199372
train,872,2005-06-26,-0.4850503,0.8489234,-2.3564198
train,873,2005-07-03,-0.4792554,0.8137161,-2.3666866
train,874,2005-07-10,-0.55171293,0.7468162,-2.2465858
train,875,2005-07-17,-0.6190773,0.719468,-2.3770845
train,876,2005-07-24,-0.5742329,0.723687,-2.4286878
train,877,2005-07-31,-0.6128645,0.60200816,-2.4933305
train,878,2005-08-07,-0.5457554,0.73974806,-2.6222587
train,879,2005-08-14,-0.61008507,0.6550736,-2.6208384
train,880,2005-08-21,-0.6296412,0.6498339,-2.7140453
train,881,2005-08-28,-0.52556306,0.6679868,-2.8250296
train,882,2005-09-04,-0.65669733,0.5873778,-2.7942677
train,883,2005-09-11,-0.5719985,0.65802145,-2.8285847
train,884,2005-09-18,-0.5348586,0.617342,-3.0660224
train,885,2005-09-25,-0.5894287,0.74234587,-3.1086373
train,886,2005-10-02,-0.5543346,0.58995324,-3.0466413
train,887,2005-10-09,-0.5258778,0.65004045,-3.158846
train,888,2005-10-16,-0.5399391,0.6045539,-3.2185056
train,889,2005-10-23,-0.49475887,0.62828916,-3.2812972
train,890,2005-10-30,-0.5706847,0.5504976,-3.1609538
train,891,2005-11-06,-0.57275456,0.58166975,-3.2921636
train,892,2005-11-13,-0.5590557,0.5466061,-3.3111036
train,893,2005-11-20,-0.593325,0.52163845,-3.241146
train,894,2005-11-27,-0.5765335,0.5346379,-3.3956027
train,895,2005-12-04,-0.6035352,0.55512935,-3.5098515
train,896,2005-12-11,-0.6111931,0.53445816,-3.4704525
train,897,2005-12-18,-0.5947849,0.53069776,-3.4604316
train,898,2005-12-25,-0.6459201,0.5048618,-3.5192614
train,899,2006-01-01,-0.57580537,0.45772874,-3.538693
train,900,2006-01-08,-0.60998666,0.41917133,-3.5241902
train,901,2006-01-15,-0.6568025,0.46744812,-3.6438308
train,902,2006-01-22,-0.565171,0.4445346,-3.8599331
train,903,2006-01-29,-0.6122304,0.5025091,-3.8827944
train,904,2006-02-05,-0.5638329,0.5000756,-4.0355587
train,905,2006-02-12,-0.5445324,0.45284927,-4.1207047
train,906,2006-02-19,-0.48339263,0.5096937,-4.3358026
train,907,2006-02-26,-0.5635193,0.5648416,-4.393548
train,908,2006-03-05,-0.4964209,0.5680024,-4.6051354
train,909,2006-03-12,-0.44538593,0.611226,-4.7444167
train,910,2006-03-19,-0.4722118,0.6359376,-4.8548684
train,911,2006-03-26,-0.44753817,0.6995481,-5.0176344
train,912,2006-04-02,-0.44848937,0.63310087,-5.0953693
train,913,2006-04-09,-0.38236448,0.62731254,-5.132785
train,914,2006-04-16,-0.4080243,0.7224918,-5.441202
train,915,2006-04-23,-0.4237098,0.70869154,-5.3709807
train,916,2006-04-30,-0.33982572,0.70632184,-5.57485
train,917,2006-05-07,-0.35599008,0.70948064,-5.650711
train,918,2006-05-14,-0.33227378,0.77039313,-5.8367414
train,919,2006-05-21,-0.33131206,0.7940701,-5.9521523
train,920,2006-05-28,-0.29266226,0.77312523,-6.0660853
train,921,2006-06-04,-0.24889801,0.84177417,-6.166037
train,922,2006-06-11,-0.2971621,0.7394176,-6.186582
train,923,2006-06-18,-0.17798628,0.744289,-6.172978
train,924,2006-06-25,-0.17751935,0.82808656,-6.546883
train,925,2006-07-02,-0.19467017,0.7537614,-6.487929
train,926,2006-07-09,-0.15138191,0.80891037,-6.897713
train,927,2006-07-16,-0.11579846,0.8263994,-7.0729795
train,928,2006-07-23,-0.06868467,0.8405178,-6.9919524
train,929,2006-07-30,-0.15364254,0.7774106,-7.035427
train,930,2006-08-06,-0.0419497,0.83393806,-7.15916
train,931,2006-08-13,-0.05439141,0.74403256,-7.185073
train,932,2006-08-20,-0.033687614,0.7259886,-7.232854
train,933,2006-08-27,-0.026858982,0.71251506,-7.2367077
train,934,2006-09-03,-0.036212757,0.66157335,-7.25262
train,935,2006-09-10,-0.068890706,0.49642265,-7.1143465
train,936,2006-09-17,-0.0792294,0.5549455,-7.3419895
train,937,2006-09-24,-0.03948922,0.5388661,-7.2356906
train,938,2006-10-01,-0.008141082,0.4855541,-7.341183
train,939,2006-10-08,0.02896571,0.5568228,-7.379181
train,940,2006-10-15,0.0054400936,0.66335946,-7.619078
train,941,2006-10-22,0.035053365,0.5728211,-7.54324
train,942,2006-10-29,0.07781368,0.72380793,-7.768636
train,943,2006-11-05,0.08019414,0.60418236,-7.793382
train,944,2006-11-12,0.034096107,0.7298502,-7.886822
train,945,2006-11-19,0.12739934,0.70768017,-7.9543304
train,946,2006-11-26,0.08090926,0.7053096,-7.895738
train,947,2006-12-03,0.22169091,0.65369034,-8.106207
train,948,2006-12-10,0.119693875,0.6320669,-8.036276
train,949,2006-12-17,0.17086194,0.8303667,-8.243677
train,950,2006-12-24,0.17604172,0.8173552,-8.20301
train,951,2006-12-31,0.2069533,0.8763642,-8.289932
train,952,2007-01-07,0.22663759,0.8199021,-8.35062
train,953,2007-01-14,0.22420111,0.9475977,-8.407252
train,954,2007-01-21,0.2765156,0.9008699,-8.328031
train,955,2007-01-28,0.22296385,0.9789272,-8.488738
train,956,2007-02-04,0.26327437,0.94136876,-8.433284
train,957,2007-02-11,0.18276696,0.99313384,-8.385688
train,958,2007-02-18,0.24186361,0.9794765,-8.405233
train,959,2007-02-25,0.27032498,0.9815547,-8.473989
train,960,2007-03-04,0.2867079,0.98768884,-8.431896
train,961,2007-03-11,0.33489797,1.0020313,-8.380379
train,962,2007-03-18,0.3532978,0.9810533,-8.442472
train,963,2007-03-25,0.43886504,0.9484591,-8.308648
train,964,2007-04-01,0.41169727,0.898882,-8.43023
train,965,2007-04-08,0.4904913,0.8728296,-8.377653
train,966,2007-04-15,0.46878734,0.89653605,-8.387226
train,967,2007-04-22,0.5826439,0.77263343,-8.302412
train,968,2007-04-29,0.5088062,0.85854214,-8.360349
train,969,2007-05-06,0.608036,0.7401808,-8.297067
train,970,2007-05-13,0.6054213,0.8573378,-8.250926
train,971,2007-05-20,0.6772539,0.8406089,-8.212832
train,972,2007-05-27,0.65392196,0.91698843,-8.225465
train,973,2007-06-03,0.64607036,0.87131387,-8.289411
train,974,2007-06-10,0.67276484,0.83010596,-8.0693
train,975,2007-06-17,0.7337831,0.7303649,-7.9862866
train,976,2007-06-24,0.64278376,0.61662585,-7.8484674
train,977,2007-07-01,0.7850295,0.62299764,-7.899603
train,978,2007-07-08,0.7152189,0.5086241,-7.6408877
train,979,2007-07-15,0.8351028,0.6030633,-7.7094483
train,980,2007-07-22,0.76567674,0.49011922,-7.6341653
train,981,2007-07-29,0.81528264,0.55525,-7.6560373
train,982,2007-08-05,0.87467796,0.51430166,-7.649291
train,983,2007-08-12,0.96317834,0.5124462,-7.614362
train,984,2007-08-19,0.9804897,0.49055153,-7.490741
train,985,2007-08-26,1.1339505,0.37486488,-7.3369966
train,986,2007-09-02,1.1054981,0.44981498,-7.2989955
train,987,2007-09-09,1.1882772,0.3748507,-7.301526
train,988,2007-09-16,1.169258,0.39104974,-7.1115513
train,989,2007-09-23,1.2931918,0.46238244,-7.2709284
train,990,2007-09-30,1.27944,0.36948454,-7.0413404
train,991,2007-10-07,1.3800187,0.3462841,-7.001099
train,992,2007-10-14,1.3328729,0.33576244,-6.8606906
train,993,2007-10-21,1.530193,0.31477886,-6.937686
train,994,2007-10-28,1.4662012,0.24203683,-6.926875
train,995,2007-11-04,1.6117363,0.2356262,-6.9419894
train,996,2007-11-11,1.6475743,0.054411396,-6.5879703
train,997,2007-11-18,1.6624974,-0.034902304,-6.620677
train,998,2007-11-25,1.840928,-0.15383418,-6.4969974
train,999,2007-12-02,1.9241322,-0.2908839,-6.3579664
train,1000,2007-12-09,1.9803454,-0.31826705,-6.337653
train,1001,2007-12-16,2.1190827,-0.40481687,-6.199537
train,1002,2007-12-23,2.1768022,-0.5002765,-6.0868015
train,1003,2007-12-30,2.232372,-0.5269397,-6.023637
train,1004,2008-01-06,2.3465364,-0.58454984,-5.9420385
train,1005,2008-01-13,2.3843865,-0.72298634,-5.751322
train,1006,2008-01-20,2.4717247,-0.68591577,-5.7025375
train,1007,2008-01-27,2.6830637,-0.92080235,-5.3823814
train,1008,2008-02-03,2.7642872,-1.1283127,-5.2173324
train,1009,2008-02-10,2.8060348,-1.0160626,-5.225171
train,1010,2008-02-17,2.9180195,-1.2286156,-5.0257783
train,1011,2008-02-24,3.0547223,-1.3325151,-5.047376
train,1012,2008-03-02,3.1309037,-1.4343375,-4.8558707
train,1013,2008-03-09,3.2145402,-1.4597808,-4.747307
train,1014,2008-03-16,3.3588555,-1.5594771,-4.860333
train,1015,2008-03-23,3.6000168,-1.7403142,-4.443595
train,1016,2008-03-30,3.8288205,-1.7346383,-4.54673
train,1017,2008-04-06,4.0066576,-1.8968023,-4.484582
train,1018,2008-04-13,4.221255,-1.952932,-4.47795
train,1019,2008-04-20,4.1321845,-1.8513706,-4.4183
train,1020,2008-04-27,4.4214263,-1.9375913,-4.359535
train,1021,2008-05-04,4.382611,-1.9819254,-4.078287
train,1022,2008-05-11,4.407418,-1.9347378,-4.166141
train,1023,2008-05-18,4.607763,-2.1503916,-4.0466447
train,1024,2008-05-25,4.4844666,-2.0928957,-3.7844164
train,1025,2008-06-01,4.5636063,-2.1353192,-3.9328063
train,1026,2008-06-08,4.725165,-2.286313,-3.7294383
train,1027,2008-06-15,4.754687,-2.4038455,-3.5900316
train,1028,2008-06-22,4.770253,-2.296692,-3.6217518
train,1029,2008-06-29,5.0054946,-2.4746776,-3.6110225
train,1030,2008-07-06,4.9644356,-2.4478376,-3.5714793
train,1031,2008-07-13,4.9456973,-2.5871277,-3.3854241
train,1032,2008-07-20,5.0911064,-2.5112948,-3.4683466
train,1033,2008-07-27,4.9191484,-2.7543952,-3.15917
train,1034,2008-08-03,5.122277,-2.6102002,-3.369024
train,1035,2008-08-10,5.2112265,-2.7674472,-3.3720458
train,1036,2008-08-17,5.1338134,-2.873844,-3.118622
train,1037,2008-08-24,5.271612,-2.686522,-3.3006432
train,1038,2008-08-31,5.191387,-2.8161693,-3.2138321
train,1039,2008-09-07,5.137606,-2.7347643,-3.1362436
train,1040,2008-09-14,5.1302676,-2.578191,-3.3235915
train,1041,2008-09-21,5.1784334,-2.7575183,-3.1590586
train,1042,2008-09-28,5.181219,-2.8003721,-3.0447025
train,1043,2008-10-05,5.39226,-2.659658,-3.3061943
train,1044,2008-10-12,5.4708037,-2.8674188,-3.1357875
train,1045,2008-10-19,5.896166,-2.8651419,-3.1932263
train,1046,2008-10-26,6.126084,-3.028654,-3.0466907
train,1047,2008-11-02,6.426845,-3.1567106,-3.073911
train,1048,2008-11-09,6.7610755,-3.2633948,-3.054327
train,1049,2008-11-16,7.159408,-3.2408013,-3.1847036
train,1050,2008-11-23,7.4255633,-2.9603696,-3.290647
train,1051,2008-11-30,7.694651,-3.488655,-2.976813
train,1052,2008-12-07,7.903251,-2.7551777,-3.0030837
train,1053,2008-12-14,8.188815,-3.1189086,-2.9827225
train,1054,2008-12-21,8.815232,-3.1560767,-3.1450834
train,1055,2008-12-28,9.230684,-3.2465007,-3.247246
train,1056,2009-01-04,9.377972,-3.058041,-3.2704475
train,1057,2009-01-11,9.847388,-3.3303623,-3.6414456
train,1058,2009-01-18,9.907079,-3.2631264,-2.6790497
train,1059,2009-01-25,10.530433,-3.3468492,-3.3363194
train,1060,2009-02-01,11.1378975,-3.695512,-2.3071404
train,1061,2009-02-08,11.340136,-4.0679607,-2.4250913
train,1062,2009-02-15,11.652039,-3.8330574,-2.2841902
train,1063,2009-02-22,11.966546,-4.731359,-1.5647199
train,1064,2009-03-01,12.251942,-4.658971,-1.060042
train,1065,2009-03-08,12.645744,-4.2156944,-1.9537449
train,1066,2009-03-15,12.800823,-5.02732,-0.74133843
train,1067,2009-03-22,13.697619,-4.5315123,-1.3965437
train,1068,2009-03-29,13.855838,-5.0531588,-0.27271125
train,1069,2009-04-05,14.23607,-5.0872593,-0.79300064
train,1070,2009-04-12,14.017767,-5.705267,0.691469
train,1071,2009-04-19,14.59292,-5.204693,-0.3581565
train,1072,2009-04-26,14.029756,-6.3483653,1.252496
train,1073,2009-05-03,14.3729725,-5.9674315,0.7866201
train,1074,2009-05-10,14.498249,-6.446361,1.4484696
train,1075,2009-05-17,14.644592,-6.561228,1.6579973
train,1076,2009-05-24,14.542835,-7.2276273,2.595684
train,1077,2009-05-31,14.701052,-7.1826057,2.5212214
train,1078,2009-06-07,14.584963,-7.838391,3.2411664
train,1079,2009-06-14,14.8534155,-8.0105095,3.6371799
train,1080,2009-06-21,14.905982,-8.063416,3.971996
train,1081,2009-06-28,14.913591,-8.204373,4.258463
train,1082,2009-07-05,14.965724,-8.58683,4.575624
train,1083,2009-07-12,15.042778,-8.630174,4.7621446
train,1084,2009-07-19,14.984109,-8.972379,4.9864597
train,1085,2009-07-26,15.068698,-9.128562,5.445975
train,1086,2009-08-02,14.9315195,-9.006242,5.4828763
train,1087,2009-08-09,15.09425,-9.413911,5.895408
train,1088,2009-08-16,15.032152,-9.092804,5.6779113
train,1089,2009-08-23,14.80236,-9.573593,6.5123367
train,1090,2009-08-30,14.823969,-9.336522,6.3832684
train,1091,2009-09-06,14.351905,-9.561269,6.9963264
train,1092,2009-09-13,14.445482,-9.630717,6.9847965
train,1093,2009-09-20,14.436849,-9.625569,7.137051
train,1094,2009-09-27,14.263196,-9.736047,7.1809278
train,1095,2009-10-04,14.175219,-9.931853,7.655513
train,1096,2009-10-11,14.290324,-9.803037,7.6337442
train,1097,2009-10-18,14.277084,-9.984901,8.107898
train,1098,2009-10-25,14.04913,-9.910898,8.396927
train,1099,2009-11-01,14.100387,-10.105653,8.634216
train,1100,2009-11-08,14.267364,-10.237582,8.956129
train,1101,2009-11-15,13.7619295,-10.260815,9.2760315
train,1102,2009-11-22,13.527401,-10.337788,9.595312
train,1103,2009-11-29,13.478256,-10.191057,9.713046
train,1104,2009-12-06,13.318466,-10.212918,9.851581
train,1105,2009-12-13,13.243932,-10.174099,9.879114
train,1106,2009-12-20,12.8340845,-10.351498,10.239875
train,1107,2009-12-27,12.7662325,-10.239444,10.385518
train,1108,2010-01-03,12.740769,-10.017457,10.919154
train,1109,2010-01-10,12.472341,-9.9656725,11.592468
train,1110,2010-01-17,12.368093,-9.79852,11.920727
train,1111,2010-01-24,12.16371,-9.719145,12.379908
train,1112,2010-01-31,12.066504,-9.615338,12.779512
train,1113,2010-02-07,11.887016,-9.583612,13.263082
train,1114,2010-02-14,11.684975,-9.291687,13.308902
train,1115,2010-02-21,11.630712,-9.091486,13.853562
train,1116,2010-02-28,11.689361,-8.903759,14.134319
train,1117,2010-03-07,11.444814,-8.809463,14.374793
train,1118,2010-03-14,11.2398405,-8.480279,14.464086
train,1119,2010-03-21,11.312876,-8.460318,14.919643
train,1120,2010-03-28,11.273554,-7.945155,14.90479
train,1121,2010-04-04,11.239103,-7.658863,15.2019205
train,1122,2010-04-11,11.138566,-6.994334,15.132892
train,1123,2010-04-18,11.061298,-6.8065886,15.488679
train,1124,2010-04-25,11.02299,-6.33863,15.460109
train,1125,2010-05-02,10.758675,-6.045041,15.37651
train,1126,2010-05-09,10.64435,-5.7453947,15.46324
train,1127,2010-05-16,10.661868,-4.957064,15.080125
train,1128,2010-05-23,10.3961,-4.50163,14.940183
train,1129,2010-05-30,10.243283,-3.8845487,14.672886
train,1130,2010-06-06,10.290115,-3.3768547,14.492233
train,1131,2010-06-13,9.893076,-2.6607468,14.109953
train,1132,2010-06-20,9.798169,-2.058005,13.457631
train,1133,2010-06-27,9.755152,-1.5537392,13.359764
train,1134,2010-07-04,9.767663,-1.2433565,13.166415
train,1135,2010-07-11,9.709124,-0.60347146,12.682132
train,1136,2010-07-18,9.585624,-0.5097722,12.539176
train,1137,2010-07-25,9.540845,-0.1260269,12.311003
train,1138,2010-08-01,9.48107,0.3025301,11.975281
train,1139,2010-08-08,9.316038,0.7720619,11.591757
train,1140,2010-08-15,9.339373,0.8009737,11.503262
train,1141,2010-08-22,9.110925,1.2428696,11.177591
train,1142,2010-08-29,8.921386,1.5150508,10.824975
train,1143,2010-09-05,8.868522,1.8961385,10.703367
train,1144,2010-09-12,8.697952,2.0432754,10.381082
train,1145,2010-09-19,8.793388,2.6589994,10.016365
train,1146,2010-09-26,8.465367,2.7664983,9.84586
train,1147,2010-10-03,8.342308,3.1059701,9.451656
train,1148,2010-10-10,8.149643,3.2196112,9.214808
train,1149,2010-10-17,7.654618,3.7000065,8.69583
train,1150,2010-10-24,7.6558785,3.901794,8.495752
train,1151,2010-10-31,7.669132,4.2401533,8.125991
train,1152,2010-11-07,7.3395786,4.348482,7.8772063
train,1153,2010-11-14,7.0524426,4.8207636,7.382877
train,1154,2010-11-21,6.8874025,4.6564693,7.63402
train,1155,2010-11-28,6.8898935,5.198069,7.1657104
train,1156,2010-12-05,6.7520204,5.113834,7.312862
train,1157,2010-12-12,6.464272,5.6139016,6.966899
train,1158,2010-12-19,6.5784597,5.4435325,7.192992
train,1159,2010-12-26,6.4429355,5.926824,6.6727147
train,1160,2011-01-02,6.12663,5.88079,6.283853
train,1161,2011-01-09,5.6919546,5.9954076,5.600438
train,1162,2011-01-16,5.5222926,6.027853,5.104328
train,1163,2011-01-23,5.182987,6.0630817,4.532347
train,1164,2011-01-30,5.0993915,5.8499856,4.2314053
train,1165,2011-02-06,4.9769673,5.8657312,3.791972
train,1166,2011-02-13,4.8620214,5.7203574,3.2284706
train,1167,2011-02-20,4.624183,5.537627,2.8797312
train,1168,2011-02-27,4.534625,5.3897905,2.6571057
train,1169,2011-03-06,4.518701,5.198461,2.4936633
train,1170,2011-03-13,4.3531938,5.076213,2.1597855
train,1171,2011-03-20,4.2503276,4.7917624,1.8714377
train,1172,2011-03-27,4.3248987,4.6594696,1.4565383
train,1173,2011-04-03,4.1786613,4.620213,1.1631657
train,1174,2011-04-10,4.1335263,4.6535573,0.64069504
train,1175,2011-04-17,4.261434,4.4931574,0.5773251
train,1176,2011-04-24,3.9795864,4.434424,0.20939203
train,1177,2011-05-01,3.9016004,4.34962,0.28588802
train,1178,2011-05-08,3.787983,4.287417,-0.12314591
train,1179,2011-05-15,3.7495623,3.908154,-0.12363878
train,1180,2011-05-22,3.7568493,4.1136227,-0.5613086
train,1181,2011-05-29,3.46115,3.879425,-0.6537481
train,1182,2011-06-05,3.406021,3.7688992,-0.94636506
train,1183,2011-06-12,3.3433602,3.7751124,-1.1508424
train,1184,2011-06-19,3.2431858,3.6726518,-1.3770158
train,1185,2011-06-26,3.1912293,3.5856826,-1.532987
train,1186,2011-07-03,3.1990933,3.495574,-1.568562
train,1187,2011-07-10,3.1804898,3.5736632,-1.7642757
train,1188,2011-07-17,3.221048,3.5130548,-1.65922
train,1189,2011-07-24,3.2731378,3.5863986,-1.9674131
train,1190,2011-07-31,3.1632574,3.5719225,-1.9409407
train,1191,2011-08-07,3.24305,3.564595,-2.0329137
train,1192,2011-08-14,3.4095075,3.5451472,-1.9623024
train,1193,2011-08-21,3.513071,3.5257938,-2.169149
train,1194,2011-08-28,3.5193033,3.4348347,-2.120942
train,1195,2011-09-04,3.5827866,3.4210792,-2.44878
train,1196,2011-09-11,3.6717193,3.3633215,-2.493232
train,1197,2011-09-18,3.8121166,3.4393623,-2.5501049
train,1198,2011-09-25,3.8274705,3.4816656,-2.6896913
train,1199,2011-10-02,3.9889882,3.3022416,-2.6180146
train,1200,2011-10-09,4.1213703,3.3141992,-2.8277977
train,1201,2011-10-16,4.1359754,3.294406,-2.827129
train,1202,2011-10-23,4.2859926,3.1550677,-2.8070028
train,1203,2011-10-30,4.518776,3.2877066,-3.1805222
train,1204,2011-11-06,4.5773573,3.1577067,-3.1773798
train,1205,2011-11-13,4.5614047,3.2061353,-3.0893533
train,1206,2011-11-20,4.5540376,3.046294,-3.422452
train,1207,2011-11-27,4.7689314,3.018941,-3.47971
train,1208,2011-12-04,4.6229296,2.9993358,-3.4624705
train,1209,2011-12-11,4.8207564,2.9789515,-3.6903648
train,1210,2011-12-18,4.879032,3.093831,-3.8205452
train,1211,2011-12-25,4.7981296,2.9790347,-3.959291
train,1212,2012-01-01,4.9733567,3.1286194,-3.9928677
train,1213,2012-01-08,5.047771,2.9857023,-4.0660505
train,1214,2012-01-15,4.7536745,3.0188303,-4.147107
train,1215,2012-01-22,5.1454268,3.0973623,-4.1418443
train,1216,2012-01-29,5.0535393,3.145628,-4.329685
train,1217,2012-02-05,4.9608884,3.2710462,-4.600992
train,1218,2012-02-12,4.848711,3.3551643,-4.5198994
train,1219,2012-02-19,4.7934246,3.4410787,-4.6891446
train,1220,2012-02-26,4.6255817,3.4604304,-4.5902047
train,1221,2012-03-04,4.847861,3.58929,-4.8550644
train,1222,2012-03-11,4.491625,3.4819381,-4.6044335
train,1223,2012-03-18,4.8756213,3.6166968,-4.813854
train,1224,2012-03-25,4.5595546,3.690405,-4.84414
train,1225,2012-04-01,4.391686,3.6387672,-4.9251776
train,1226,2012-04-08,4.3701735,3.7409656,-4.7929435
train,1227,2012-04-15,4.2933517,3.7721581,-4.9678984
train,1228,2012-04-22,4.121092,3.8362823,-5.047345
train,1229,2012-04-29,4.2639713,4.032837,-5.2715936
train,1230,2012-05-06,4.084641,4.0622067,-5.2547336
train,1231,2012-05-13,4.140399,4.203027,-5.4649324
train,1232,2012-05-20,4.1067266,4.3390555,-5.5740333
train,1233,2012-05-27,3.9623115,4.3484163,-5.576972
train,1234,2012-06-03,3.9875233,4.3919663,-5.6306276
train,1235,2012-06-10,4.031326,4.464414,-5.64556
train,1236,2012-06-17,3.8797615,4.261733,-5.501575
train,1237,2012-06-24,3.8524756,4.3979006,-5.5239267
train,1238,2012-07-01,3.8750293,4.4511824,-5.67846
train,1239,2012-07-08,3.8595738,4.5014615,-5.6924725
train,1240,2012-07-15,3.8051908,4.579669,-5.8543043
train,1241,2012-07-22,3.8566568,4.621037,-5.844112
train,1242,2012-07-29,3.897644,4.787766,-5.974207
train,1243,2012-08-05,3.945902,4.6802044,-5.9857516
train,1244,2012-08-12,3.8568127,4.880281,-6.0587583
train,1245,2012-08-19,3.8424487,4.7761254,-6.036435
train,1246,2012-08-26,3.8411493,4.9559493,-6.03985
train,1247,2012-09-02,3.8032935,4.907258,-6.0292096
train,1248,2012-09-09,3.7816396,4.8802,-6.014026
train,1249,2012-09-16,3.779213,4.9344296,-6.0011086
train,1250,2012-09-23,3.693835,4.9437127,-6.0898657
train,1251,2012-09-30,3.7308316,5.139612,-6.118168
train,1252,2012-10-07,3.721758,5.157293,-6.2386208
train,1253,2012-10-14,3.5871873,5.3584394,-6.4227796
train,1254,2012-10-21,3.5712311,5.3584585,-6.2948
train,1255,2012-10-28,3.5904436,5.4505076,-6.3970056
train,1256,2012-11-04,3.5427876,5.539506,-6.2814374
train,1257,2012-11-11,3.4777288,5.5421257,-6.24276
train,1258,2012-11-18,3.426483,5.5281634,-6.1974688
train,1259,2012-11-25,3.4782088,5.6199446,-6.2554445
train,1260,2012-12-02,3.3910356,5.7940083,-6.3472586
train,1261,2012-12-09,3.4432268,5.7822948,-6.1769805
train,1262,2012-12-16,3.4415503,5.876494,-6.3979964
train,1263,2012-12-23,3.4136841,5.894347,-6.2396965
train,1264,2012-12-30,3.4353116,5.987835,-6.467604
train,1265,2013-01-06,3.4545772,5.9830265,-6.321159
train,1266,2013-01-13,3.408789,5.9498057,-6.323717
train,1267,2013-01-20,3.413998,5.8825545,-6.1861844
train,1268,2013-01-27,3.445963,5.9253364,-6.2594266
train,1269,2013-02-03,3.430977,5.8970466,-6.232233
train,1270,2013-02-10,3.4220529,5.9191236,-6.12999
train,1271,2013-02-17,3.3575735,5.8334923,-6.037749
train,1272,2013-02-24,3.5003371,5.915332,-6.20553
train,1273,2013-03-03,3.3718312,5.8408175,-6.1597877
train,1274,2013-03-10,3.4000206,5.8826575,-6.077341
train,1275,2013-03-17,3.4839487,5.824547,-6.1095586
train,1276,2013-03-24,3.54251,5.8712435,-6.114789
train,1277,2013-03-31,3.5088513,5.8162746,-6.1017694
train,1278,2013-04-07,3.5741425,5.8118773,-6.0598717
train,1279,2013-04-14,3.4878402,5.708742,-6.0494585
train,1280,2013-04-21,3.5337782,5.745159,-6.0751696
train,1281,2013-04-28,3.5503023,5.6801753,-6.034522
train,1282,2013-05-05,3.5185351,5.628811,-6.036263
train,1283,2013-05-12,3.4980602,5.6658688,-6.196818
train,1284,2013-05-19,3.3865645,5.5948157,-6.050907
train,1285,2013-05-26,3.4526496,5.6233315,-5.988363
train,1286,2013-06-02,3.3471,5.4900665,-5.905193
train,1287,2013-06-09,3.3545477,5.4230585,-5.7772408
train,1288,2013-06-16,3.2930348,5.4335637,-5.727566
train,1289,2013-06-23,3.3073459,5.4467463,-5.7825437
train,1290,2013-06-30,3.2184353,5.425121,-5.535037
train,1291,2013-07-07,3.1626816,5.360606,-5.5519085
train,1292,2013-07-14,3.26009,5.348262,-5.4409947
train,1293,2013-07-21,3.155589,5.339335,-5.4346733
train,1294,2013-07-28,3.1715522,5.3171206,-5.3838053
train,1295,2013-08-04,3.1701152,5.484169,-5.398676
train,1296,2013-08-11,3.1248047,5.3182592,-5.3206143
train,1297,2013-08-18,3.068114,5.281495,-5.2977633
train,1298,2013-08-25,3.0943449,5.2395096,-5.1391335
train,1299,2013-09-01,2.970723,5.298157,-5.378373
train,1300,2013-09-08,2.9189544,5.277156,-5.2623663
train,1301,2013-09-15,2.9622881,5.225816,-5.125413
train,1302,2013-09-22,2.9911268,5.1317854,-4.829911
train,1303,2013-09-29,2.8742104,5.0477834,-4.7954473
train,1304,2013-10-06,2.9406,4.8838196,-4.5119247
train,1305,2013-10-13,2.958309,5.0050406,-4.6338463
train,1306,2013-10-20,2.848756,5.0129704,-4.6738415
train,1307,2013-10-27,2.812959,4.8971295,-4.529493
train,1308,2013-11-03,2.7251987,4.7720323,-4.328108
train,1309,2013-11-10,2.6885676,4.7115536,-4.1758766
train,1310,2013-11-17,2.7412226,4.6223745,-4.2716107
train,1311,2013-11-24,2.5950189,4.59636,-4.128025
train,1312,2013-12-01,2.6313536,4.604884,-4.077679
train,1313,2013-12-08,2.6129384,4.5005326,-3.8858962
train,1314,2013-12-15,2.5795102,4.3832154,-3.9458823
train,1315,2013-12-22,2.5403306,4.414667,-3.9003177
train,1316,2013-12-29,2.4219277,4.420833,-3.926896
train,1317,2014-01-05,2.3267078,4.327227,-3.7794523
train,1318,2014-01-12,2.3417084,4.3711963,-3.922638
train,1319,2014-01-19,2.2934976,4.3924713,-3.816861
train,1320,2014-01-26,2.3567524,4.5572443,-3.935917
train,1321,2014-02-02,2.2628124,4.5560513,-3.8758645
train,1322,2014-02-09,2.303888,4.560104,-3.8582342
train,1323,2014-02-16,2.3155365,4.5263042,-3.7233193
train,1324,2014-02-23,2.3857894,4.71356,-3.8966043
train,1325,2014-03-02,2.3782256,4.714602,-3.8781242
train,1326,2014-03-09,2.4108357,4.8411016,-3.9997325
train,1327,2014-03-16,2.4093199,4.7860837,-3.8502803
train,1328,2014-03-23,2.4006138,4.8953195,-3.9539752
train,1329,2014-03-30,2.4202414,4.8391767,-3.8194754
train,1330,2014-04-06,2.4353037,4.897336,-3.905991
train,1331,2014-04-13,2.4042082,4.8779783,-3.829929
train,1332,2014-04-20,2.4490724,4.9405875,-3.8499246
train,1333,2014-04-27,2.4589913,5.097245,-3.9618607
train,1334,2014-05-04,2.4570215,5.0787544,-3.8235872
train,1335,2014-05-11,2.4207728,5.0075006,-3.8817754
train,1336,2014-05-18,2.4822383,5.0692077,-3.8443875
train,1337,2014-05-25,2.471222,5.1282516,-3.8959682
train,1338,2014-06-01,2.445937,5.110364,-3.9296405
train,1339,2014-06-08,2.4591713,5.1653743,-3.9287262
train,1340,2014-06-15,2.41906,5.09397,-3.7986512
train,1341,2014-06-22,2.462881,5.149097,-3.8952484
train,1342,2014-06-29,2.5041325,5.1169734,-3.8655355
train,1343,2014-07-06,2.5167499,5.203597,-3.9022944
train,1344,2014-07-13,2.549406,5.2929683,-3.9615223
train,1345,2014-07-20,2.5489297,5.218691,-4.021067
train,1346,2014-07-27,2.57146,5.2773232,-4.1287537
train,1347,2014-08-03,2.5446935,5.195236,-4.1006913
train,1348,2014-08-10,2.5560937,5.225508,-4.071895
train,1349,2014-08-17,2.564182,5.2315183,-4.167168
train,1350,2014-08-24,2.5562217,5.2766023,-4.178652
train,1351,2014-08-31,2.5278585,5.2250547,-4.1568
train,1352,2014-09-07,2.5508118,5.288603,-4.2100835
train,1353,2014-09-14,2.5154948,5.252007,-4.163491
train,1354,2014-09-21,2.48701,5.292902,-4.2651157
train,1355,2014-09-28,2.4510195,5.2422447,-4.2340117
train,1356,2014-10-05,2.4492981,5.161501,-4.179789
train,1357,2014-10-12,2.3805661,5.115043,-4.196785
train,1358,2014-10-19,2.422151,5.0567837,-4.17875
train,1359,2014-10-26,2.4370723,5.080164,-4.182599
train,1360,2014-11-02,2.3823543,5.0415072,-4.1652203
train,1361,2014-11-09,2.450184,5.13854,-4.2652283
train,1362,2014-11-16,2.434877,5.0780597,-4.2269754
train,1363,2014-11-23,2.4697874,5.138714,-4.280843
train,1364,2014-11-30,2.4318092,5.1129665,-4.269565
val,0,2015-05-31,2.4454417,4.9856205,-5.021461
val,1,2015-06-07,2.4316008,4.886493,-5.041692
val,2,2015-06-14,2.441578,4.9658318,-4.9718647
val,3,2015-06-21,2.2949157,4.738766,-4.757874
val,4,2015-06-28,2.341348,4.846248,-4.7085743
val,5,2015-07-05,2.31203,4.7857146,-4.8184295
val,6,2015-07-12,2.2823303,4.956674,-4.880357
val,7,2015-07-19,2.2232118,4.8549705,-4.8958135
val,8,2015-07-26,2.2396061,5.1204643,-5.056931
val,9,2015-08-02,2.1497552,4.9295115,-4.8482184
val,10,2015-08-09,2.0166786,4.820643,-4.8239174
val,11,2015-08-16,2.067559,4.7859244,-4.7947183
val,12,2015-08-23,2.1490285,4.7825327,-4.6794944
val,13,2015-08-30,2.1718466,4.6265793,-4.5595922
val,14,2015-09-06,2.2122166,4.652228,-4.660351
val,15,2015-09-13,2.025076,4.5041547,-4.3829436
val,16,2015-09-20,2.0757987,4.5587587,-4.6765203
val,17,2015-09-27,2.1172585,4.472347,-4.3755364
val,18,2015-10-04,2.1684752,4.5407915,-4.553869
val,19,2015-10-11,2.1789358,4.560415,-4.6138
val,20,2015-10-18,2.273771,4.5479484,-4.5406585
val,21,2015-10-25,2.1015124,4.349457,-4.268673
val,22,2015-11-01,2.2120354,4.431811,-4.419507
val,23,2015-11-08,2.1982074,4.307899,-4.3872085
val,24,2015-11-15,2.2673373,4.4646,-4.6032324
val,25,2015-11-22,2.2486708,4.405724,-4.531809
val,26,2015-11-29,2.1689823,4.427272,-4.6017003
val,27,2015-12-06,2.231521,4.3210473,-4.465333
val,28,2015-12-13,2.250807,4.3008046,-4.552577
val,29,2015-12-20,2.258875,4.312422,-4.501017
val,30,2015-12-27,2.2594438,4.332548,-4.624103
val,31,2016-01-03,2.1991382,4.374991,-4.566285
val,32,2016-01-10,2.3619685,4.203706,-4.532298
val,33,2016-01-17,2.2716908,4.2695127,-4.6077895
val,34,2016-01-24,2.2589111,4.1789784,-4.608945
val,35,2016-01-31,2.277438,4.239163,-4.606911
val,36,2016-02-07,2.3253174,4.1610065,-4.4671392
val,37,2016-02-14,2.6290112,4.1559267,-4.398191
val,38,2016-02-21,2.540098,4.2008343,-4.474462
val,39,2016-02-28,2.4388318,4.091442,-4.464782
val,40,2016-03-06,2.5722337,4.122333,-4.527868
val,41,2016-03-13,2.680837,4.186844,-4.4356136
val,42,2016-03-20,2.8652608,4.1878924,-4.6189547
val,43,2016-03-27,2.6858416,4.1721735,-4.6643524
val,44,2016-04-03,2.6756046,4.031507,-4.531565
val,45,2016-04-10,2.84262,4.0807695,-4.6029515
val,46,2016-04-17,2.9571693,4.1676407,-4.791067
val,47,2016-04-24,2.8605847,4.0082216,-4.750701
val,48,2016-05-01,2.9683304,3.7479784,-4.536219
val,49,2016-05-08,3.0625858,3.8323565,-4.4248214
val,50,2016-05-15,3.1293623,3.9460359,-4.693445
val,51,2016-05-22,3.0794044,4.099731,-4.947904
val,52,2016-05-29,3.0477302,3.9213772,-4.731596
val,53,2016-06-05,3.1706958,3.933847,-4.543452
val,54,2016-06-12,3.1543279,4.0828605,-4.746862
val,55,2016-06-19,3.1215017,4.1039095,-4.882639
val,56,2016-06-26,3.1582253,3.9588175,-4.839716
val,57,2016-07-03,3.209558,3.8435378,-4.4757442
val,58,2016-07-10,3.208524,4.146029,-4.7815166
val,59,2016-07-17,3.1072168,4.0387187,-4.617728
val,60,2016-07-24,3.2191558,4.101966,-4.730504
val,61,2016-07-31,3.1626303,4.084933,-4.7585015
val,62,2016-08-07,3.147446,4.3384423,-5.017434
val,63,2016-08-14,2.9990306,4.5557837,-5.022648
val,64,2016-08-21,3.0050879,4.6193643,-5.173472
val,65,2016-08-28,2.9666328,4.5811443,-5.176876
val,66,2016-09-04,2.9268005,4.5871487,-5.1963067
val,67,2016-09-11,2.8422668,4.4655714,-5.059396
val,68,2016-09-18,2.8536098,4.562188,-5.1268587
val,69,2016-09-25,2.7169442,4.602554,-5.21666
val,70,2016-10-02,2.7528567,4.5831423,-5.0767245
val,71,2016-10-09,2.6825342,4.6678133,-5.159495
val,72,2016-10-16,2.6129305,4.6516104,-5.198035
val,73,2016-10-23,2.5554602,4.7045445,-5.2218046
val,74,2016-10-30,2.5322714,4.6428294,-5.3050947
val,75,2016-11-06,2.6952193,4.773754,-5.3474817
val,76,2016-11-13,2.5126128,4.6179843,-5.2434
val,77,2016-11-20,2.5153482,4.7227464,-5.36616
val,78,2016-11-27,2.5128832,4.562715,-5.0548553
val,79,2016-12-04,2.5741875,4.6117334,-5.0832767
val,80,2016-12-11,2.597133,4.643635,-5.0142517
val,81,2016-12-18,2.466774,4.6613507,-5.0442057
val,82,2016-12-25,2.388687,4.6749487,-5.011358
val,83,2017-01-01,2.457983,4.726444,-5.1465683
val,84,2017-01-08,2.360113,4.583727,-4.9541802
val,85,2017-01-15,2.3712025,4.665982,-5.0442667
val,86,2017-01-22,2.2288594,4.5467906,-5.0080905
val,87,2017-01-29,2.3395057,4.6647177,-5.00557
val,88,2017-02-05,2.315216,4.59018,-4.849552
val,89,2017-02-12,2.2278473,4.471265,-4.6712227
val,90,2017-02-19,2.2188222,4.4061503,-4.5580263
val,91,2017-02-26,2.1612997,4.3730187,-4.5090437
val,92,2017-03-05,2.2850924,4.4805584,-4.431025
val,93,2017-03-12,2.2162492,4.5029373,-4.614557
val,94,2017-03-19,2.0756032,4.4823227,-4.4145784
val,95,2017-03-26,2.116277,4.3638587,-4.159221
val,96,2017-04-02,2.035043,4.4210653,-4.1608586
val,97,2017-04-09,2.027131,4.304487,-3.9778976
val,98,2017-04-16,2.0163634,4.2735076,-3.8647263
val,99,2017-04-23,1.9359223,4.154789,-3.7280707
val,100,2017-04-30,1.9215345,4.3080463,-3.7558687
val,101,2017-05-07,1.9441459,4.3845067,-3.6829357
val,102,2017-05-14,1.8802246,4.442949,-3.840712
val,103,2017-05-21,1.965412,4.3186183,-3.6328063
val,104,2017-05-28,1.9536536,4.4156365,-3.8399546
val,105,2017-06-04,1.8728489,4.261008,-3.6073499
val,106,2017-06-11,1.8684336,4.2308545,-3.5817742
val,107,2017-06-18,1.8437041,4.2118063,-3.5449631
val,108,2017-06-25,1.7927178,4.1947217,-3.587347
val,109,2017-07-02,1.7579893,4.279902,-3.7206159
val,110,2017-07-09,1.7453289,4.35239,-3.8025067
val,111,2017-07-16,1.7278914,4.4559374,-3.9280748
val,112,2017-07-23,1.8362006,4.5846715,-3.9074621
val,113,2017-07-30,1.702066,4.5207825,-4.0201554
val,114,2017-08-06,1.7246729,4.5941496,-4.0445476
val,115,2017-08-13,1.6467791,4.6180515,-4.0940967
val,116,2017-08-20,1.6174479,4.579687,-4.2080708
val,117,2017-08-27,1.6621641,4.681855,-4.3714833
val,118,2017-09-03,1.5877883,4.6778917,-4.3944454
val,119,2017-09-10,1.5931733,4.78114,-4.4851346
val,120,2017-09-17,1.6411281,4.8018384,-4.612383
val,121,2017-09-24,1.5924712,4.837653,-4.6299777
val,122,2017-10-01,1.6030669,4.7977,-4.5996766
val,123,2017-10-08,1.6564138,4.72408,-4.721918
val,124,2017-10-15,1.5737674,4.729215,-4.7469473
val,125,2017-10-22,1.6577212,4.8391867,-4.8035226
val,126,2017-10-29,1.6206403,4.785,-4.9000316
val,127,2017-11-05,1.5654901,4.7682633,-4.769887
val,128,2017-11-12,1.504472,4.709819,-4.812836
val,129,2017-11-19,1.5265765,4.7107887,-4.7947006
val,130,2017-11-26,1.457977,4.6586776,-4.8893523
val,131,2017-12-03,1.5369881,4.698497,-4.957431
val,132,2017-12-10,1.424842,4.6717744,-4.9461436
val,133,2017-12-17,1.4656386,4.6796403,-5.047732
val,134,2017-12-24,1.4268425,4.554312,-4.8833594
val,135,2017-12-31,1.4213114,4.5086646,-4.9215913
val,136,2018-01-07,1.4698874,4.528795,-4.8231645
val,137,2018-01-14,1.3920425,4.514089,-5.035089
val,138,2018-01-21,1.3435336,4.5179906,-4.891036
val,139,2018-01-28,1.3220637,4.400044,-4.78722
val,140,2018-02-04,1.1932577,4.3480463,-4.8106914
val,141,2018-02-11,1.2183688,4.273894,-4.8775907
val,142,2018-02-18,1.1027147,4.2442355,-4.7497854
val,143,2018-02-25,0.97335637,4.2448406,-4.720855
val,144,2018-03-04,0.8576771,4.0622034,-4.6027203
val,145,2018-03-11,0.8097509,4.0439606,-4.5067673
val,146,2018-03-18,0.7825274,3.934537,-4.4648023
val,147,2018-03-25,0.7696419,3.7325165,-4.4896555
val,148,2018-04-01,0.67922217,3.674548,-4.4302435
val,149,2018-04-08,0.6424164,3.6506538,-4.45311
val,150,2018-04-15,0.6518091,3.507027,-4.292193
val,151,2018-04-22,0.5624799,3.425499,-4.4052496
val,152,2018-04-29,0.5942149,3.2988062,-4.390358
val,153,2018-05-06,0.54322016,3.2706063,-4.5007877
val,154,2018-05-13,0.4454042,3.1592307,-4.401682
val,155,2018-05-20,0.414184,3.1005974,-4.404763
val,156,2018-05-27,0.3704762,2.974597,-4.2717447
val,157,2018-06-03,0.3629238,2.8836167,-4.319582
val,158,2018-06-10,0.28132862,2.8144047,-4.197302
val,159,2018-06-17,0.3241942,2.7771592,-4.2925296
val,160,2018-06-24,0.31048238,2.7562191,-4.402537
val,161,2018-07-01,0.362325,2.745555,-4.2956295
val,162,2018-07-08,0.36041698,2.6854763,-4.441118
val,163,2018-07-15,0.29264253,2.7188215,-4.4206357
val,164,2018-07-22,0.33445778,2.5714276,-4.290279
val,165,2018-07-29,0.35009155,2.4934137,-4.415406
val,166,2018-08-05,0.43658954,2.6579297,-4.5668025
val,167,2018-08-12,0.2997658,2.5005946,-4.473123
val,168,2018-08-19,0.32995775,2.5559027,-4.5075855
val,169,2018-08-26,0.3310093,2.5931509,-4.654575
val,170,2018-09-02,0.37483367,2.5567966,-4.642966
val,171,2018-09-09,0.37786832,2.5306938,-4.825028
val,172,2018-09-16,0.38570863,2.6259038,-4.852573
val,173,2018-09-23,0.4014885,2.6659164,-4.9677324
val,174,2018-09-30,0.37865487,2.689531,-5.185318
val,175,2018-10-07,0.3417767,2.6740272,-5.1398506
val,176,2018-10-14,0.39973226,2.635256,-5.1709447
val,177,2018-10-21,0.32761577,2.582605,-5.1017737
val,178,2018-10-28,0.35957792,2.571328,-5.185064
val,179,2018-11-04,0.351465,2.4613206,-4.987378
val,180,2018-11-11,0.30763495,2.5256295,-5.0627875
val,181,2018-11-18,0.31782982,2.3977542,-4.9761615
val,182,2018-11-25,0.3850163,2.4282026,-5.1758566
val,183,2018-12-02,0.37369,2.3689313,-5.042691
val,184,2018-12-09,0.43017477,2.429659,-5.186898
val,185,2018-12-16,0.49933356,2.2987998,-5.197255
val,186,2018-12-23,0.57269156,2.1823456,-5.3151226
val,187,2018-12-30,0.5219794,2.020682,-5.0485177
val,188,2019-01-06,0.47964188,2.0673208,-5.0993185
val,189,2019-01-13,0.4938719,1.9497477,-5.0904803
val,190,2019-01-20,0.5361474,2.0500236,-5.1502547
val,191,2019-01-27,0.62753934,1.8835555,-5.115135
val,192,2019-02-03,0.51799446,1.8916048,-5.024012
val,193,2019-02-10,0.6112998,1.8411328,-5.125458
val,194,2019-02-17,0.60339093,1.8162476,-5.2042193
val,195,2019-02-24,0.5880473,1.8539542,-5.2363734
val,196,2019-03-03,0.6021323,1.804184,-5.1485558
val,197,2019-03-10,0.6097075,1.7044979,-5.130485
val,198,2019-03-17,0.679694,1.8017648,-5.0693097
val,199,2019-03-24,0.76704866,1.7319046,-5.19798
val,200,2019-03-31,0.6755046,1.8039874,-5.135308
val,201,2019-04-07,0.79711735,1.8008578,-5.121192
val,202,2019-04-14,0.7668046,1.6964458,-5.150481
val,203,2019-04-21,0.8915923,1.8689595,-5.3674717
val,204,2019-04-28,0.97944725,1.8898772,-5.551592
val,205,2019-05-05,0.98710275,2.0501156,-5.5636053
val,206,2019-05-12,0.9500559,1.9703871,-5.474844
val,207,2019-05-19,0.93035287,2.0358114,-5.472663
val,208,2019-05-26,1.0049269,2.0243073,-5.4280505
val,209,2019-06-02,0.98043793,2.063199,-5.348238
val,210,2019-06-09,1.0751944,2.0885005,-5.2536645
val,211,2019-06-16,1.0052104,2.185725,-5.3780856
val,212,2019-06-23,1.0802532,2.267629,-5.3438897
val,213,2019-06-30,1.0613846,2.3533876,-5.531232
val,214,2019-07-07,1.0466485,2.3311882,-5.4216776
val,215,2019-07-14,1.0279777,2.4091654,-5.522543
val,216,2019-07-21,1.0399195,2.4352875,-5.5429163
val,217,2019-07-28,0.9523598,2.4349024,-5.457711
val,218,2019-08-04,1.037006,2.5152934,-5.480816
val,219,2019-08-11,0.97475743,2.548199,-5.450454
val,220,2019-08-18,0.9508251,2.4956322,-5.2405124
val,221,2019-08-25,1.0340568,2.4870384,-5.1636605
val,222,2019-09-01,1.0048894,2.5406158,-5.203382
val,223,2019-09-08,1.010643,2.5855103,-5.077321
val,224,2019-09-15,1.0354903,2.5847476,-5.1966486
val,225,2019-09-22,1.0781986,2.715032,-5.3389573
val,226,2019-09-29,1.0924598,2.727409,-5.3899016
val,227,2019-10-06,1.139676,2.6605787,-5.371854
val,228,2019-10-13,1.122537,2.7313025,-5.3943524
val,229,2019-10-20,1.1237288,2.6556973,-5.278918
val,230,2019-10-27,1.1197901,2.7870843,-5.3736334
val,231,2019-11-03,1.1438067,2.75763,-5.2731233
val,232,2019-11-10,1.1369814,2.869871,-5.337319
val,233,2019-11-17,1.0639997,2.9528039,-5.2697177
val,234,2019-11-24,1.142294,3.0264876,-5.7202735
val,235,2019-12-01,1.1003337,3.0722682,-5.847141
val,236,2019-12-08,1.2155614,3.120365,-6.056439
val,237,2019-12-15,1.2260613,3.152025,-6.2978234
val,238,2019-12-22,1.2798382,3.2418664,-6.513391
val,239,2019-12-29,1.3440113,3.3510702,-6.859979
val,240,2020-01-05,1.346378,3.3247614,-6.996422
val,241,2020-01-12,1.3715991,3.3981743,-7.092996
val,242,2020-01-19,1.3718758,3.4355376,-7.169796
val,243,2020-01-26,1.4280653,3.6221874,-7.527155
val,244,2020-02-02,1.4483765,3.5587258,-7.5506206
val,245,2020-02-09,1.520205,3.6809204,-7.892265
val,246,2020-02-16,1.5242543,3.7562685,-8.122949
val,247,2020-02-23,1.5437547,3.7723668,-8.394428
val,248,2020-03-01,1.6826746,3.7281208,-8.5552025
val,249,2020-03-08,1.8367655,3.587172,-8.616662
val,250,2020-03-15,1.8656576,3.6630437,-8.4559765
val,251,2020-03-22,2.0421698,3.591185,-8.559166
val,252,2020-03-29,2.3862512,3.5012248,-8.778564
val,253,2020-04-05,2.3950262,3.5345383,-8.90576
val,254,2020-04-12,2.3620448,3.6130104,-9.02654
val,255,2020-04-19,2.614801,3.2123861,-8.736626
val,256,2020-04-26,2.904378,2.697327,-8.236076
val,257,2020-05-03,2.7640364,2.285118,-7.2894826
val,258,2020-05-10,3.2460594,1.5528857,-6.208013
val,259,2020-05-17,3.8873677,1.0622793,-6.21939
val,260,2020-05-24,4.2909765,0.32542104,-4.7118216
val,261,2020-05-31,5.1872168,-0.7917702,-3.1928072
val,262,2020-06-07,5.382904,-1.8640122,-1.2280703
val,263,2020-06-14,6.1676784,-2.6352842,0.14138223
val,264,2020-06-21,6.5215173,-3.5523226,1.853949
val,265,2020-06-28,7.3056955,-4.2202783,2.7560976
val,266,2020-07-05,8.185705,-5.099958,3.1614912
val,267,2020-07-12,9.141858,-5.888835,3.9874675
val,268,2020-07-19,10.296376,-6.765418,4.9529066
val,269,2020-07-26,11.2037525,-7.3541694,5.6580496
val,270,2020-08-02,11.106254,-8.584796,7.4040847
val,271,2020-08-09,11.688439,-9.27085,9.423648
val,272,2020-08-16,12.463125,-9.946537,10.319397
test,0,2021-02-14,6.5609274,-3.6316483,8.285001
test,1,2021-02-21,6.569187,-3.5892386,8.185964
test,2,2021-02-28,6.357919,-3.150616,7.9187183
test,3,2021-03-07,6.1193137,-3.0825605,8.046354
test,4,2021-03-14,5.477861,-2.4398875,7.74206
test,5,2021-03-21,5.549585,-2.3820028,7.781466
test,6,2021-03-28,5.3421755,-1.9889394,7.33662
test,7,2021-04-04,5.1184607,-1.9186637,7.585447
test,8,2021-04-11,5.248433,-1.7288512,7.133874
test,9,2021-04-18,4.828123,-1.5357267,6.9632187
test,10,2021-04-25,4.8850517,-0.97284144,6.589083
test,11,2021-05-02,4.585589,-0.65374064,6.2896905
test,12,2021-05-09,4.4452696,-0.32550108,5.695269
test,13,2021-05-16,4.1354113,0.12084676,5.314283
test,14,2021-05-23,3.9850643,0.54078114,4.4104953
test,15,2021-05-30,3.6202404,1.056148,3.5039268
test,16,2021-06-06,3.3709257,1.3776643,2.6175504
test,17,2021-06-13,2.720743,2.0986373,1.9381208
test,18,2021-06-20,2.548497,2.599418,0.9941189
test,19,2021-06-27,2.1540496,3.377241,0.058811814
test,20,2021-07-04,1.7287176,3.9166727,-0.26500455
test,21,2021-07-11,1.2432493,4.4913874,-0.7986055
test,22,2021-07-18,0.72044426,5.1217318,-1.4689229
test,23,2021-07-25,0.5907668,5.969188,-2.5715392
test,24,2021-08-01,-0.1304813,6.7817636,-3.1319745
test,25,2021-08-08,-0.44231457,7.5363555,-4.0703554
test,26,2021-08-15,-0.6859549,8.095012,-4.7702637
test,27,2021-08-22,-0.50772583,8.444896,-4.9257197
test,28,2021-08-29,-0.5126669,8.8285675,-5.2928586
test,29,2021-09-05,-0.48989007,9.074347,-5.3984056
test,30,2021-09-12,-0.45958918,9.220928,-5.522851
test,31,2021-09-19,-0.699491,9.318889,-5.229441
test,32,2021-09-26,-0.62274784,9.469008,-5.312125
test,33,2021-10-03,-0.8477503,9.561904,-5.137328
test,34,2021-10-10,-0.59386444,9.79245,-5.461437
test,35,2021-10-17,-0.9145838,9.656356,-5.0344443
test,36,2021-10-24,-0.92148966,9.549993,-4.7017374
test,37,2021-10-31,-1.0425667,9.406955,-4.502922
test,38,2021-11-07,-0.9596964,9.303841,-4.3456464
test,39,2021-11-14,-1.0094787,9.169615,-4.239184
test,40,2021-11-21,-1.0048728,8.962852,-3.9926531
test,41,2021-11-28,-1.0203886,8.84053,-3.879354
test,42,2021-12-05,-0.88796705,8.571153,-3.7075264
test,43,2021-12-12,-0.7996338,8.528868,-3.7616668
test,44,2021-12-19,-0.9173992,8.265735,-3.4360812
test,45,2021-12-26,-0.89164454,8.149015,-3.37864
test,46,2022-01-02,-0.81150085,7.9630423,-3.4655974
test,47,2022-01-09,-0.6826386,7.8988724,-3.3726501
test,48,2022-01-16,-0.8500733,7.656888,-3.1419911
test,49,2022-01-23,-0.83446884,7.3872848,-2.9388256
test,50,2022-01-30,-0.7766524,7.1952195,-2.8269253
test,51,2022-02-06,-0.8058727,6.991698,-2.6362495
test,52,2022-02-13,-0.7259949,6.906214,-2.740059
test,53,2022-02-20,-0.79138774,6.6803584,-2.308433
test,54,2022-02-27,-1.0479529,6.5475664,-1.9170097
test,55,2022-03-06,-1.0323387,6.2622294,-1.7222688
test,56,2022-03-13,-1.2132782,6.058412,-1.3522826
test,57,2022-03-20,-0.891268,5.8730354,-1.4361422
test,58,2022-03-27,-1.1390088,5.7082505,-1.3099496
test,59,2022-04-03,-0.9914503,5.571829,-1.2340893
test,60,2022-04-10,-1.2848359,5.2981324,-1.0397455
test,61,2022-04-17,-1.3841889,5.3112245,-0.9677404
test,62,2022-04-24,-1.4836951,5.052406,-1.0647321
test,63,2022-05-01,-1.5845159,4.7697086,-1.070952
test,64,2022-05-08,-1.4713974,4.4669156,-1.0754198
test,65,2022-05-15,-1.6662341,4.2084727,-0.8428403
test,66,2022-05-22,-1.3195608,3.8919358,-1.1921626
test,67,2022-05-29,-1.5257616,3.6737905,-0.9662203
test,68,2022-06-05,-2.0382943,3.398621,-0.4709961
test,69,2022-06-12,-1.9833215,3.0766988,-0.6596776
test,70,2022-06-19,-1.8592201,2.6423538,-0.51226634
test,71,2022-06-26,-2.1000195,2.310693,-0.32939565
test,72,2022-07-03,-2.2573912,1.956587,-0.25628123
test,73,2022-07-10,-2.3103917,1.6086268,-0.21902338
test,74,2022-07-17,-2.055748,1.1917,-0.19044293
test,75,2022-07-24,-2.3080645,1.204992,-0.017347205
test,76,2022-07-31,-2.024855,0.8799121,-0.3026578
test,77,2022-08-07,-1.9792942,0.56212574,-0.52930546
test,78,2022-08-14,-1.3063422,0.40180206,-1.1413901
test,79,2022-08-21,-1.53547,0.23190637,-0.9571355
test,80,2022-08-28,-1.0124536,0.015572235,-1.3235174
test,81,2022-09-04,-0.85827076,-0.11247971,-1.5260271
test,82,2022-09-11,-1.0415401,-0.1906308,-1.2671981
test,83,2022-09-18,-0.81303084,-0.70637196,-1.5229579
test,84,2022-09-25,-0.88019276,-0.7762714,-1.8446927
test,85,2022-10-02,-0.77871764,-1.1463792,-1.6750913
test,86,2022-10-09,-0.80554324,-1.3925631,-1.8610864
test,87,2022-10-16,-0.8403097,-1.6644102,-1.9020517
test,88,2022-10-23,-0.85308176,-2.0099535,-2.060661
test,89,2022-10-30,-0.75005233,-1.9881823,-1.8882765
test,90,2022-11-06,-0.92933136,-2.1567204,-2.079133
test,91,2022-11-13,-0.9147049,-2.1001668,-2.2481444
test,92,2022-11-20,-0.97170204,-2.400492,-2.2873187
test,93,2022-11-27,-1.1466261,-2.4998205,-2.4279482
test,94,2022-12-04,-1.0450228,-2.5168552,-2.4615245
test,95,2022-12-11,-0.9997444,-2.4374752,-2.321575
test,96,2022-12-18,-1.034345,-2.5088603,-2.4116492
test,97,2022-12-25,-1.0679821,-2.630125,-2.5014732
test,98,2023-01-01,-1.0116615,-2.949838,-2.6614892
test,99,2023-01-08,-1.0722573,-2.7685094,-2.682103
test,100,2023-01-15,-0.9314572,-2.922687,-2.834883
test,101,2023-01-22,-1.222051,-3.1213167,-3.044493
test,102,2023-01-29,-1.2238605,-3.2153945,-3.0328376
test,103,2023-02-05,-1.1791846,-3.572546,-3.3249848
test,104,2023-02-12,-1.473208,-3.766633,-3.2722723
test,105,2023-02-19,-1.4419055,-3.87283,-3.23052
test,106,2023-02-26,-1.4944504,-3.8034375,-3.409954
test,107,2023-03-05,-1.3802882,-3.9440408,-3.4682012
test,108,2023-03-12,-1.258374,-4.054494,-3.4216483
test,109,2023-03-19,-1.397121,-3.9197035,-3.3164241
test,110,2023-03-26,-1.2297845,-4.0440025,-3.187568
test,111,2023-04-02,-1.2578098,-4.1812897,-3.3211896
test,112,2023-04-09,-1.4069301,-4.2273273,-3.3614132
test,113,2023-04-16,-1.3497559,-4.1248474,-3.3177636
test,114,2023-04-23,-1.323894,-4.377107,-3.4550729
test,115,2023-04-30,-1.4744843,-4.3324504,-3.3709238
test,116,2023-05-07,-1.4808984,-4.381596,-3.27132
test,117,2023-05-14,-1.4602404,-4.4591565,-3.4450812
test,118,2023-05-21,-1.4978939,-4.3825455,-3.1633623
test,119,2023-05-28,-1.659899,-4.739987,-3.0254745
test,120,2023-06-04,-1.6473575,-4.662241,-2.9444852
test,121,2023-06-11,-1.7897298,-4.803514,-3.0325434
test,122,2023-06-18,-1.8569508,-4.869426,-3.005829
test,123,2023-06-25,-1.7180356,-4.8662333,-2.9313595
test,124,2023-07-02,-1.7599744,-4.683495,-2.8803022
test,125,2023-07-09,-1.879359,-4.774979,-2.8802679
test,126,2023-07-16,-1.9481997,-4.8807034,-2.8467774
test,127,2023-07-23,-2.044512,-4.8112345,-2.988591
test,128,2023-07-30,-2.1483378,-4.8027577,-2.84648
test,129,2023-08-06,-2.2139704,-4.7802033,-2.8266406
test,130,2023-08-13,-2.2383323,-4.945081,-2.7123768
test,131,2023-08-20,-2.3019507,-4.7262597,-2.5076425
test,132,2023-08-27,-2.2752235,-5.0859013,-2.4478376
test,133,2023-09-03,-2.2154615,-4.872803,-2.5300436
test,134,2023-09-10,-2.1307302,-4.8866477,-2.7386346
test,135,2023-09-17,-2.1359386,-4.7772155,-3.067896
test,136,2023-09-24,-2.1186857,-4.836114,-3.2574565
test,137,2023-10-01,-2.0673137,-4.819008,-3.2192235
test,138,2023-10-08,-1.9930648,-4.775716,-3.3888896
test,139,2023-10-15,-1.8622342,-4.738136,-3.3554747
test,140,2023-10-22,-1.6978692,-4.5832067,-3.325998
test,141,2023-10-29,-1.5930402,-4.599997,-3.3766363
test,142,2023-11-05,-1.5739939,-4.4461856,-3.4972675
test,143,2023-11-12,-1.4929645,-4.636482,-3.3995674
test,144,2023-11-19,-1.4403508,-4.5280185,-3.3847492
test,145,2023-11-26,-1.370731,-4.516761,-3.5878298
test,146,2023-12-03,-1.2686203,-4.413131,-3.5880601
test,147,2023-12-10,-1.0731639,-4.3163586,-3.7953212
test,148,2023-12-17,-0.9632243,-4.3052526,-3.6123312
test,149,2023-12-24,-0.9134055,-4.4470167,-3.6811647
test,150,2023-12-31,-0.8058564,-4.39936,-3.5767212
test,151,2024-01-07,-0.53992635,-4.2563148,-3.7562573
test,152,2024-01-14,-0.5000479,-4.327402,-3.8332026
test,153,2024-01-21,-0.24667649,-4.341718,-3.9920766
test,154,2024-01-28,-0.28702387,-4.5201945,-4.0667176
test,155,2024-02-04,-0.20735742,-4.307347,-3.9002342
test,156,2024-02-11,0.078382984,-4.472637,-3.8409295
test,157,2024-02-18,0.17669195,-4.1677713,-4.183531
test,158,2024-02-25,0.22667187,-4.199187,-4.1976447
test,159,2024-03-03,0.20388219,-4.297733,-4.233725
test,160,2024-03-10,0.12085669,-3.9600255,-4.017719
test,161,2024-03-17,0.32886526,-4.0098066,-4.12812
test,162,2024-03-24,0.41233483,-3.9172006,-4.2499766
test,163,2024-03-31,0.49161345,-3.7856214,-4.2870746
test,164,2024-04-07,0.40511426,-3.827388,-4.207278
test,165,2024-04-14,0.35362148,-3.7312295,-4.1294804
test,166,2024-04-21,0.48284346,-3.495061,-4.262011
test,167,2024-04-28,0.42111388,-3.298341,-4.445135
test,168,2024-05-05,0.2892982,-3.2023282,-4.31932
test,169,2024-05-12,0.16239218,-3.220021,-3.9865894
test,170,2024-05-19,0.21893656,-3.2082841,-4.1052217
test,171,2024-05-26,0.26569557,-3.2439363,-4.1548862
test,172,2024-06-02,0.15824416,-3.0933146,-4.2329645
test,173,2024-06-09,0.029447084,-3.0816894,-4.2055244
test,174,2024-06-16,-0.010589536,-3.007669,-4.1229787
test,175,2024-06-23,-0.16097131,-3.0143106,-3.9873576
test,176,2024-06-30,-0.05526234,-2.9152498,-4.1519914
test,177,2024-07-07,0.056561895,-2.976567,-4.1749825
test,178,2024-07-14,-0.21727897,-2.9899297,-4.1427555
test,179,2024-07-21,-0.27617583,-3.0051818,-3.792464
test,180,2024-07-28,-0.18306595,-2.9515433,-3.8425746
test,181,2024-08-04,-0.18046631,-3.0164201,-3.5825255
test,182,2024-08-11,0.10421361,-3.0805473,-3.7226818
test,183,2024-08-18,0.13708773,-2.9620008,-3.7867618
test,184,2024-08-25,0.061629225,-3.0358417,-3.6144242
test,185,2024-09-01,0.0816981,-2.9960666,-3.497654
test,186,2024-09-08,0.020570766,-3.0107381,-3.3226085
test,187,2024-09-15,-0.061184768,-2.9613733,-3.1599731
test,188,2024-09-22,-0.017297301,-2.8917484,-3.131242
test,189,2024-09-29,-0.15601523,-2.8279607,-2.983344
test,190,2024-10-06,0.014119375,-2.8016331,-2.9874833
test,191,2024-10-13,-0.06043184,-2.7389793,-2.8636599
test,192,2024-10-20,-0.041955005,-2.6417623,-2.8548965
test,193,2024-10-27,-0.34876096,-2.5818145,-2.3730538
test,194,2024-11-03,-0.525152,-2.5144765,-2.2680614
test,195,2024-11-10,-0.39219338,-2.42592,-2.0730374
test,196,2024-11-17,-0.21508373,-2.3401046,-2.206249
test,197,2024-11-24,-0.14050837,-2.4882464,-2.0577338
test,198,2024-12-01,-0.21048763,-2.430362,-1.8949409
test,199,2024-12-08,-0.40214917,-2.6551123,-1.642795
test,200,2024-12-15,-0.3541241,-2.310684,-1.8793159
test,201,2024-12-22,-0.22898643,-2.3107257,-1.8333913
test,202,2024-12-29,-0.22597335,-2.257595,-2.0183992
test,203,2025-01-05,-0.2709461,-2.144085,-1.7289512
test,204,2025-01-12,-0.12554106,-2.3931909,-1.7642434
test,205,2025-01-19,-0.25130144,-2.139125,-1.7796161
test,206,2025-01-26,-0.23835199,-2.0943084,-1.6483879
test,207,2025-02-02,-0.41615137,-1.9438547,-1.7566079
test,208,2025-02-09,-0.45199242,-1.7467127,-1.8442166
test,209,2025-02-16,-0.4378453,-1.8732166,-1.8293353
test,210,2025-02-23,-0.20964634,-1.9583263,-2.1652982
test,211,2025-03-02,-0.16644618,-1.7180487,-2.2865682
test,212,2025-03-09,-0.27764785,-1.726833,-2.2334914
test,213,2025-03-16,-0.33958253,-1.5599096,-2.0370939
test,214,2025-03-23,-0.18347724,-1.8022552,-2.1728468
test,215,2025-03-30,-0.36842608,-1.653653,-2.0841568
test,216,2025-04-06,-0.053482447,-1.8109124,-2.015289
test,217,2025-04-13,-0.22658382,-2.082501,-1.6425971
test,218,2025-04-20,-0.11735195,-2.0009604,-1.7507322
test,219,2025-04-27,-0.100918636,-2.0856056,-1.6816376
test,220,2025-05-04,-0.13417692,-2.1169288,-1.8029739
test,221,2025-05-11,-0.17746463,-2.3793542,-1.3413761
test,222,2025-05-18,-0.065915465,-2.2426007,-1.6214868
test,223,2025-05-25,-0.029955443,-2.4088063,-1.5529515
test,224,2025-06-01,-0.06347312,-2.2533042,-1.7249218
test,225,2025-06-08,0.052776378,-2.4548833,-1.4756949
test,226,2025-06-15,0.19201736,-2.2856693,-1.9814553
test,227,2025-06-22,0.33199826,-2.252972,-2.0107145
test,228,2025-06-29,0.33470243,-2.22861,-2.10639
test,229,2025-07-06,0.36821294,-2.3288903,-2.1340318
test,230,2025-07-13,0.49381796,-2.3816175,-2.048209
test,231,2025-07-20,0.49918908,-2.1822915,-2.5593681
test,232,2025-07-27,0.43811017,-2.0072894,-2.6708095
test,233,2025-08-03,0.47009045,-1.7873869,-2.5917916
test,234,2025-08-10,0.5910618,-2.1432467,-2.673893
test,235,2025-08-17,0.2500018,-1.7537633,-2.5312006
test,236,2025-08-24,0.560963,-2.0186374,-2.6087449
test,237,2025-08-31,0.2824638,-1.5953571,-2.743463
test,238,2025-09-07,0.49052426,-1.7576963,-2.5355468
test,239,2025-09-14,0.23943722,-1.4976631,-2.6287792
test,240,2025-09-21,0.423485,-1.5844111,-2.5950162
test,241,2025-09-28,0.5230968,-1.4639305,-2.9467804
test,242,2025-10-05,0.14213336,-1.2015707,-2.7184892
test,243,2025-10-12,0.29270017,-1.1131512,-3.089379
test,244,2025-10-19,0.075408116,-1.0888214,-2.7684712
test,245,2025-10-26,0.17840806,-1.0237734,-2.888195
test,246,2025-11-02,0.084469765,-1.0272806,-2.8041208
test,247,2025-11-09,0.012759199,-0.87303275,-2.6980603
test,248,2025-11-16,0.25620332,-1.0771137,-2.5925403
test,249,2025-11-23,0.06662854,-0.93272513,-2.594357
test,250,2025-11-30,-0.08294171,-0.84841555,-2.3640664
test,251,2025-12-07,0.040261485,-0.85384786,-2.4901793
test,252,2025-12-14,-0.065114394,-0.7819081,-2.3192549
test,253,2025-12-21,-0.08466005,-0.7915155,-2.1802545
test,254,2025-12-28,-0.07545838,-0.9818845,-1.8005826
test,255,2026-01-04,0.0151141705,-0.885138,-2.0535297
test,256,2026-01-11,-0.117007285,-0.9311477,-1.8378987
test,257,2026-01-18,-0.116095036,-0.9247797,-1.5573174
test,258,2026-01-25,-0.016084366,-0.8979524,-1.4918003
test,259,2026-02-01,-0.08547504,-0.80536705,-1.4412085
test,260,2026-02-08,-0.049812,-0.9403768,-1.2637268
test,261,2026-02-15,0.012502029,-0.8150617,-1.1348971
test,262,2026-02-22,-0.13953426,-0.8609331,-1.0891504
test,263,2026-03-01,-0.13822168,-0.766629,-0.89281046
test,264,2026-03-08,-0.06344603,-0.56203717,-0.94689953
test,265,2026-03-15,0.040953368,-0.65100706,-1.2762744
test,266,2026-03-22,-0.12810838,-0.34197307,-1.1721607
test,267,2026-03-29,-0.067555204,-0.44343722,-0.91771
test,268,2026-04-05,-0.28607133,-0.07604932,-0.98895174
test,269,2026-04-12,-0.23473446,-0.052790403,-1.0879811
test,270,2026-04-19,-0.37410638,0.2679258,-1.3995346
test,271,2026-04-26,-0.23113014,0.17956631,-1.5923675
test,272,2026-05-03,-0.2204282,0.30968243,-1.5660201
